aabasu	nombre de hombre
aadi	bueno
aadi	sí
aaga	esconderse
aaga	guarecerse
aaga	ocultarse
aakenta	estar acompañado
conser	cera
aani	bueno
aani	si
asenti	afirmación
asenti	miento
aantitl	juan garrote
aantitl	san pedro
kwee	gusano
kwee	veranito
uca	cambiarla
uca	sac convertir
apa	abrubr riencia
apa	riencia
cior	cambiarla
cior	convertir
aau	abruge antofí
desgra	maíz
pue	ciudades
pue	dtr blos
pue	monteador
pue	y ciudades
laje	gusano
tradi	ales
tradi	arhuacos
tradi	cionales
tradi	ionales
giij	wiyettala
partir	marcharse
ajgar	andar
ajgar	pasársela
ajga	echar
ajgata	atajar
ajgata	rebuscar
ajmikr	rebuscar
mar	appal cha hoy
mar	pialis
jus	loorensu
jus	uuya
looren	ra
looren	uuyamakra
looren	vg sukra
ajniko	and sigilo
ajniko	cautela
ajniko	disimulo
ajniko	nos besamos
akkeya	al
akkeya	recíprocamente
akkeya	vrbt inversamente
rrenc	presrode tar
akkwa	andar
akkwa	pasársela
aprovecha	equi dos
uste	sur
amatagkre	pron
que	mos acá
que	pavo
que	pisco
que	por acá
deman	esfuerzo
deman	una respuesta categórica
amma	usted
ammata	pron
ammayu	usted
jun	loorensu
jun	na
jun	tos
jun	uuyama
semi	secas
uti	idas como zemilla
amta	pr pron
yuggayane	dem wukkri
appet	dea devolver
appet	navidad
distin	diferenciarse
distin	guirse
indí	sorghu nas
taca	nív
pre	culo
pre	flexibles parda
pre	llantén
pre	lojkartod lisaso
pre	montaña vieja
pre	nón a saawiri
awat	aturdidamente
awat	pasmadamente
provisio	para una empresa
los	baile
los	barbulito fa blanco
los	bonguita ceiba pentandra
los	bres cuyos
los	bres de árboles
los	buuruganta
los	buññukwi
los	carretico aspidosperma polyneuron
los	conju pokkre
los	cucaracha
los	dedos del pie
los	delgada
los	ef
los	guayacancito bulnesia arborea
los	ikkadikra
los	intestinos
los	jukkatutikkwi
los	juventud
los	kajwaruunisa
los	kanti
los	keera
los	maíz de rmarillos
los	n cultivos
los	palma ble
los	pequeño tamaño
los	perrito
los	plantas
los	rostro
los	rujgakanta
los	sdel mundo
los	secreciones del oído
los	seragkwa
los	snovemcincius
los	sombra no humana
los	tajdikra
los	ternura
los	tobillo
los	toro
los	tuutawa
los	v g ututikkwisu
los	vg biladuggra cóccix
los	vw
los	wipproro
los	y syuniriva
los	yoorotiirini
baarbaka	barbaca
baarbaka	malva
silves	nidoscolus urens
silves	tre malachra alceifolia
bee	añña
bee	biikra
bee	dichooro
bee	dichorittu
bee	intg dónde
bee	kwitta
mor	beekara gutteekaya
mor	ticmpo
per	animales gaggwamata
per	arriba
per	asar arriera
per	bes noctar
per	c yaau
per	colarse
per	con esivo
per	con osesivo
per	l singular
per	la comido
per	lel plural
per	maluco
per	padre ette
per	periquito
per	plural
per	specialmente europeos
per	va sonas
per	wiiyal sonas
bes	como
bes	desaparecer
bes	desvanecer
desapa	las
hue	balones
hue	comida cos uggutakri
hue	dejar
hue	significar
hue	tinajas
widegga	por donde quiera
widegga	vara de león
guái	aproximadamente en mayo
desa	significar
sen	dejar
sen	o del oído
sen	ss
sen	tidos
sen	vrbint en parir
bej	no
bej	wa wi ra
biser	gozar de bienestar
biser	vri estar bien
pobla	n joven
agra	ble apariencia
prospe	cé
prospe	lad
ani	alargándose
ani	ales
ani	andar
ani	brakk males
ani	caldero males
ani	cosas
ani	descuerar
ani	desgra mel kwakwagoti
ani	ensortijado
ani	flexible pigawxa
ani	largo
ani	les
ani	les grandes
ani	los machetes
ani	males
ani	objetos lejanos
ani	objetos macizos jassakati
ani	objetos macizos jassakatimata
ani	plantas
ani	rabo de iguana
ani	tua males
pros	ridad
figura	ardita
figura	bija
figura	caney
figura	kreex
figura	palma
bii	biikrananta
bii	biikunanta
bii	kragorí
bii	krananta
bii	ss kragori
bii	ukk tikkwi
biilu	mico
pri	alowatta seniculus
pri	mate alouatta seniculus
pri	simón
scorpici	e des
biiti	n punta
ape	mana
gee	awaluitu
gee	cerdo verdadero
gee	miitu
gee	reesa ennaka
gee	s prést
gee	saajino
gee	wuda
sudes	ino final
espe	e hongos biggcña
espe	groonto
espe	gwragga
espe	miiwiti
espe	puerco
espe	rtuga kinosternon
espe	thag asustarse
espe	to
espe	wiña
arc	adverbio indefinido de
arc	bric mucho
canti	bre dad
canti	cón dad
ale	arroyo profundo
ale	cé
ale	pet
ale	y satistacción
adver	bijlaul v
adver	bioindefinido de negacióndecantidad
adver	nadic
adver	ni bikki
bijlad	ni cuánto
owe	cuántos hijos tienes
degga	a toda hora
degga	en todo momento
des	arc tino final
des	armadillo
des	armadillo moján
des	bajar cl ánimo
des	cansar
des	casacaminata zoo yuniriya
des	cé
des	dasypus novemcinctus
des	dentado dasypus novemcinctus
des	departamento de llena
des	desdicha
des	desestimular
des	dicha
des	el papel
des	equív
des	especie uurudero
des	likicwa garrados
des	linwiyera
des	liter nuestra madre
des	llo moján
des	mes
des	mimar
des	mocida
des	nuestros
des	quiv
des	ra ri sas
des	reposar
des	rula
des	sutti
des	weaniani
lun	carne de monte
lun	guartinaja
genita	un les femeninos
lum	handroanthus billbergis
marital	nte
binniki	binnikika kaaga
binniki	chinchilin
binniki	cómo amanecimos
binniki	cómo estás
geni	gusano del maíz
geni	tales masculinos
ittakra	pecho
apófisis	chacha
bitt	puerco
domes	cryp tica
domes	ponche
domes	simón
domes	sut ciert suusu
hydrochae	mana
hydrochae	saíno
bila	mana
bila	saíino
nsukwekkwe	tigrillo
bou	bledo
bou	polvillo
típi	bledo blanco
erythro	canto
erythro	kochere
erythro	lazo
erythro	us
cuen	an fincas
cuen	bosques
cuen	cultivos
constela	iones
constela	pozos de agua
espa	a mí
espa	acá
espa	ciales
espa	de su lado
espa	iales
espa	la prin sowenikki
braa	bra trb
braa	clasificador
braa	clasificados
braa	falta de
braa	impar
braa	na b
braa	otro
braa	refiriéndose a extensiones
bra	bee í
bra	brabrada
owi	agrupar
owi	paujil
owi	piar
braateriya	reunión
num	cinco
num	dos
num	ef
num	num cinco
num	plantas
num	refiriéndose a trozos
num	refiriéndose a árboles
num	refiriéndose aextensiones
num	tres
com	br pletitud
com	caldo de sal
com	caracol de palo
com	objetos ung planos
com	refiriéndose a seres
com	tiva pletitud
cau	chirrío
cau	coquetear
cau	provocar
cau	retar
árbo	ven les
árbo	weetokranta
bree	kwa
bree	objetos grandes
bree	refiriéndose seres humanos
bree	riéx macizos
bree	yac animales grandes
breew	refiriéndose a un
refi	animales
refi	animales fon grandes
refi	aparatos
refi	boa
refi	c plantas
refi	capital de colombia
refi	el maíz
refi	flexibles
refi	iéndose eventos extraordinarios
refi	los machetes
refi	macizos
refi	ndose a animales
refi	objetos
refi	objetos largos
refi	objetos largos y
refi	objetos macizos
refi	oblongos liteyeemekenta
refi	plantas
refi	puerco
refi	quiv buwada
refi	riéndose a máquinas
refi	sapo con cuernos
refi	stos macizos
refi	tendose a casas
refi	uiv
ver	iba lo
ver	los costales
ver	pasaba iendo
refirién	a seres humanos
refirién	an máso
refirién	animales
refirién	animales grandes
refirién	animales y
refirién	cañaguate
refirién	cocuyo de monte
refirién	cualidades
refirién	dose a objetos
refirién	flexibles wiimari
refirién	grupos de objetos
refirién	imales
refirién	impl rést caballo
refirién	las culebras
refirién	lose a objetos
refirién	obgwaagu jetos
refirién	objetos
refirién	plata
refirién	rayanta im srillo
refirién	tigre
obje	bajagua
obje	dolor mu wecriya
obje	gavilán
obje	gavilán grande
obje	macizos
rela	ente corto
rela	machetes
rela	tivamente esféricos
rela	zos de madera
lar	cé tii
lar	desmigajar
lar	grillo cebollero
lar	im gos
lar	los
lar	oblongos
lar	tes gos
lar	tiinti nitti
lar	tiirin gos
lar	tiranta
lar	y nom tiisa
lar	y oblongos
casi	dtr num todo
casi	todos
grisá	gabriira vilán pequeño
brii	ar
brii	clasificador
brii	clasificador ma macondo
brii	e uerpo pequeño
brii	ef
brii	falta de completitud
brii	imp tcycemekenta
brii	kweckkwe
brii	l acuáticogiiya
brii	macizo
brii	pl bol
brii	reemekenca jm so
brii	tos grandes cóncavos
brii	yori
brii	zf
gran	c des
gran	calderos
gran	cóncavos
gran	ef
gran	huecos como calabazos
gran	las ollas
gran	les
gran	los
gran	mico
brikki	detrás
pequeño	no tamaño
bujes	carauta
culti	kkiitikk vadas
solana	ae solanum sp
bukka	yerno
equ	currucuchú
lia	añ
lia	currucuchú
lia	mc
lia	pigurars bukkachu
lia	ps d
lia	zorro chucho
buti	yaya
fami	bot hiaris
fami	espec lia apodidac
fami	idac
fami	ixodowdca
fami	licidac
fami	liter cueva lo
fami	oso
fami	primo
aconsejar	amonestar
butt	persuadir
butt	r amonestar
butt	recomendar
butt	vr aconsejar
buul	departamento de
buul	ette butteriya
buul	nc pensamiento tradición
magda	buurukakkratari
magda	lena
magda	lena aarajakkratari
magda	morrocoyo
magda	muula
wiicha	culebra
wiicha	wiichayaowi
wiicha	yaowi
wiicha	yxo
serpien	n tes
sinextre	mapaná
sinextre	planta mapaná
uttu	zarigúeya didelphis
uttu	zorro chucho
nokentawen	cuándo vuelves
buurama	cuando quiera
buurama	nom buw riñón
buurama	siempre
buurukakkratari	vr s nom
aara	ari
aara	bofe
aara	buurukakkratari
aara	carito
aara	cintur kassakwa
aara	cé
aara	diitake anat wakkani
aara	diitake kwcerini
aara	koggo wakkani
aara	yerna
chaa	cómo
chaa	modo o naturaleza
chaa	qué
chaa	y por qué
chiicho	chicho
chiicho	chimila
chiicho	chiquita
chiiso	chiso
chiiso	chiva
chiiso	venado
cervi	mazama
hii	chivato
chorotto	ardita
mchoroto	ardilla
manan	ales de agua
kattu	decra
kattu	dl kwadeera
kattu	sooweda buurari
kattu	sooweda decra
kattu	sooweda deera
tra	adv bajo
tra	ati
tra	dicionales
tra	pa dicionales
tra	tato
tra	urabaja
tra	yecto
humanoi	des
daj	nariz
daj	refiriéndose a humanos
reci	dosc ale piente
reci	le
reci	nte
reci	objetos largos
reci	piente
reci	sientes taakwateycemekenta
reci	tos man animales
dakka	infección
dakka	pus
robin	mi
robin	zorro chucho
marsupia	lis
dappi	avanzar a saltos
dappi	generalmente
dappi	pr saltar
nappi	avanzara saltos
nappi	generalmente
takri	saltar hacia arriba
ppigri	salirse del corazón
fígurars	paletilla
dee	manteca
dee	mazamorra
dee	no he comido
dee	panela
wii	ada
wii	calor
wii	cuñado
wii	haya owi
wii	no
wii	sila
wii	sorra
wii	wiisimagka
dig	cuchillo
dig	mazamorra
dii	ke ta maana
dii	koggo kwekkwe
did	ardita
dista	cerbatana
can	aguas explayas
can	colador de totumo
diiy	aguas grandes
maana	agua que asa
teekri	agua reposada
teekri	aguas profundas
teekri	explayada
teekri	jagúey
kakka	nubarrón
kakka	temporal
maawi	agua cristalizada
dij	diente
insec	tos
dih	encía
dih	muela
din	corazoncillo
din	raicilla
kaj	arc braganisa
kaj	bri
kaj	casearia sp
kaj	crabri
kaj	dassi
kaj	gee
kaj	horqueta dekaj jeenoya
kaj	paagwa ittiya
kaj	raasog
kaj	raasonti
kaj	rakkwata
kaj	ssara
ukka	sin dientes
departa	kiter martica
departa	mento de magdalena
departa	nento de cesar
purpuras	cens purpurascens
purpuras	nba
purpuras	si pls iguana
hincar	tootuttusu
dindin	brincar el pellejo
convulsio	brincar el pellejo
deca	e poda
temporada	de trabajo
doo	malo
doochito	diosito
dujt	echar
dujt	tamarindo silvestre
decan	timplora
sobresaliente	igura dooro
escu	lenta
escu	mia
squa	al mosa
árbol	a garrote
árbol	avewipproro myiarchus tuberculifer
árbol	beckra brosimaum alicastrum
árbol	becwanisa
árbol	beza tissakra
árbol	biisakra sterculia apetala
árbol	cadillo
árbol	calabazo debot cuggrawa
árbol	calabazo deikkawa
árbol	camaleón
árbol	canaste camajón
árbol	canoa
árbol	cañamana
árbol	cerbaran semilla
árbol	chaparro kajmaj
árbol	cho
árbol	cocuelo
árbol	daggwra enterolobium
árbol	de burro moogowa
árbol	desnudo ñaabri burserasimaruba
árbol	dukkruwakra annona purpurea
árbol	ei
árbol	fruto bot debiisawa
árbol	fruto debeewa
árbol	gaawi
árbol	guasale
árbol	hamaca kraa
árbol	iira
árbol	ittu
árbol	jarikati
árbol	jiira vitex cymosa
árbol	joonti centrolobium paraense
árbol	jootikarawakra elicoccus oliviformis
árbol	kaaramokwarakra licania arborea
árbol	kajbussara caesalpinia ebano
árbol	kajkakkeri
árbol	kajromoroti acacia macracantha
árbol	kajruuruti platymisciam sp
árbol	kalloti wittmackanthus
árbol	konnckra zanthoxylum
árbol	kuunsiwakra hymenaca
árbol	kwaati cavanillesia platanifolia
árbol	kwraarati
árbol	lechuza
árbol	liinta lintatuwa
árbol	maalabo
árbol	majagua
árbol	majnakuumisa
árbol	manta kooroda liitake
árbol	myiarchus
árbol	n kkc
árbol	pappuwa
árbol	pseudobombax septenatum
árbol	rcc gaggwwwra igkiln
árbol	ri
árbol	semilla de
árbol	sume ojoso
árbol	tiichakra ceiba pentandra
árbol	tiukra melicoccas
árbol	tukkra guazama ulmifolia
árbol	tunnuruwakra lecythis minor
árbol	vr acacia glomerosa
árbol	wanisa
árbol	wigpilo
duus	canilla de venado
pundungo	tamandúa
mexi	cana
mexi	inón
mexi	oso caballo
dendro	cida
dendro	danzar
comu	nales
eekawi	alimentar
ali	mentos
ali	mentos cocidos
ali	que
eekowaya	ponchera
eero	gallineta
ejku	n frondoso
ejme	vr allá
ejni	ai sangre
asen	miento
asen	timiento
asen	vrbtrs tostar granos
alinterlo	bien
alinterlo	tte im otro
aspecto	dado
ekuna	moka ekuna piirogoye
ejk	propio
repre	gru sentativo
nas	de q toser
nas	gi de
huma	animales
huma	antiguos
huma	armad dos
huma	gente de an
huma	os
huma	otros indigenas
huma	pa
huma	peniento indígena
diferen	los ette
ette	indios
ette	la gente nueva
ette	país
ette	región
gaabra	bonisa pceñu
gaabra	cera de abeja
gaabra	pecña
gaapu	cigarrero
gaapu	ovejero
gaatu	sobrina
billber	gi
gaau	bocona
gajbr	suegra
gaggwra	raicilla
gate	bracito
gaggwawa	ad gatti
hor	btrs rciar
hor	caminar imar gukkwa
hor	kitari
hor	mangle
hor	palo de agua
hor	prést carnero
hor	weenta é
depar	tamento de magdalena
depar	to de magdalena
gata	sobrino
giip	alacrán
cul	guerra
cul	las
gite	españoles
gite	guerreros
tradicio	antiguamente cubierta con
tradicio	juk nales
tradicio	rales
rawatuttu	mana
kan	awx
kan	mit reesaennaka
kan	saajino
kan	tapaculo
kan	tuuda
her	cé
her	ef
her	isa isa mosa
her	mano
her	nana
her	nano
her	oorisu
her	s maññar
her	sentari
her	yere ere
reser	soino
apagar	extinguir
apagar	tabacos
apagar	tizones
vokaa	hartarse
ookwa	resistir
ookwa	tener aguante
scorpioi	des
apo	kr yado
apo	yado
pigura	oy
pigura	zx
grugga	desviarse
grutta	respeto
grutta	seriedad
grutta	solemnidad
gruuchakkwi	adulto
gruuchakkwi	anciano
gruuchakkwi	señor
gruu	en taya
gruu	respeto
gruu	takakkwi
nuke	blando
puta	mayor
puta	señor
respetar	equív
respetar	honrar
respetar	reverenciar
gugga	abastecerse
gutta	gu amanecer
ski	arriba
gutteriya	dl morada
gutteriya	lugar para pernoctar
guttita	imp
fru	el melón
fru	la patilla
raaka	vaca
rajbri	bujío
rajbri	dormilón descuidado
gwajgowi	socolar
gwraa	amujna jm os
gwraa	piecito
wraa	cé
wraa	falta de completitud
wraa	impar
wraa	otro
desyerbar	con las manos
ase	contr deroso
ase	serenar
gwrajowi	curar con plantas
pecu	liar
pecu	premeditada
gwrakkebru	chirrio
brakka	gr bra
kajnoo	romper monte
kajnoo	tirar
kajnoo	y wa
mano	tear
multi	bre plicidad
multi	cllos dijeron
multi	ene plicidad
ificador	brazo
col	ciertos animales arbóreos
col	gado
gaagawi	casarse
gaagawi	guindar
comprome	terse maritalmente
gaage	lagaña de perro
luciér	casarse
luciér	guindar
gaagri	estar colgado
gaagri	objetos
gaagri	refiriéndose a animales
gaala	mofar
gaanage	pelear violentamente
gaaneriya	lugar para pernoctar
gaaneriya	morada
leopar	dus pardalis
leopar	leopardus wiedii
gaari	alto
gaari	grande
gaawina	gwaaga nadar
sagg	animales
fles	contestar
fles	de pa responder
clasi	a los chicharra
clasi	kraakweeri
clasi	macizo
clasi	pequeño
clasi	po grande
clasi	rca grande
clasi	és ficar
ficador	ina que se
ficador	inal que se
ganta	gen cls suf
pronombres	gativos
pronombres	gatizos
pronombres	gusa males
pronombres	interrogativos
pronombres	mana bejsaara
pronombres	managkre kike
pronombres	monteador
pronombres	negativos
pronombres	no duermo bien
pronombres	per
pronombres	re
pronombres	relativos
pronombres	terrogativos
pronombres	vos
noso	os vivimos
kenne	gkrete
kenne	yumm keya
car	in thaginensis
car	nnensis
ennaka	chicharra
ennaka	nom contrapietra
iglorabribri	nom vástiga
kiti	aceituno
kiti	ro
seppa	barbul
seppa	pacopaco
glo	zarza blanca
glo	zarza roja
ikwa	bejsumunnaa
yuu	diitake dokkwi
men	naaregowiti
men	roosau
habla	eagasaleka
habla	enlengua indígena
habla	ensangrentado
singu	estoy llorando
singu	isauka guuri
singu	se sufija a
isaukara	fi pron d
del	bittalorakccra
del	camajón sterculia apetala
del	cañaguate
del	dukkwakikkra
del	esparcir achiote
del	gaggwrakikkra
del	gaggwratowa
del	guasale
del	hacha
del	iro
del	jaakratoro
del	joññokwakra
del	kattukwadaggera
del	kon dedo anular
del	krooei
del	kuwimanta
del	mismo sexo
del	mundo humano
del	muru isa ita
del	numirintala
del	parentesco
del	rio
del	siudakra phaseolus vulgaris
del	tabrakka
del	tío
del	tío conejo
del	uklra occipucio
del	verde akkwabot nisa
del	véanse guras
del	wiisawi
del	wissa
del	yaaula
del	yama duusa duusa
del	ñ iris wisa
tie	rra
itrik	tierra plana
ittik	llegar
ittik	p arribar
itti	borrachera
itti	desierto
itti	majagua
itti	ti ittibrajga
siphonap	ittilke tera
uutu	loma
varón	liga
como	alacranes
como	b ye yowaya
como	ciempiés
como	grillos
como	tiigruti mantis
jaa	estante
jaa	num
jaa	takawa
jaa	zarzo
jaachoteru	achotero
aagawi	monteador
jaakra	bocona
jaakra	cabeza
jaakra	falta de
jaakra	impar
jaakra	krateu om calvo
jaakra	kratoro nom occipucio
jaakra	otro
jaakra	paakraputtu nom calvo
jaakra	plantas
jaakra	porción posterior y
jaakra	refiriéndose a árboles
jaakra	sardinita
mayoría	arbustos jaa
mayoría	de árboles
mayoría	palmas
mayoría	plantas cultivadas
completi	plantas
completi	refiriéndose a árboles
completi	tud
cwagowi	pagar
ser	ente mastigodryas pleei
ser	ij
ser	jottokaa
ser	ku clasificador
ser	kwi clasificador
ser	pagar
ser	refiriéndose a
ser	tj
ser	wii
ser	wiina
cerca	hamaca
jaame	venado
jaane	adj encima
jaane	sobre
sor	cla presao animosidad
sor	ct cantar
sor	dela presa
sor	perf presa
sor	trinar
lamen	santiago
jaasal	adj del hervido
pad	cas peces
pad	ef
pad	no nadar
blo	mosca real
culi	calabazos
culi	cubiertos
culi	dos como ollas
culi	os
culi	pocillos
ocu	akwrekkwari m erío
ocu	pue
lil	burros
lil	caballete
lil	estante
lil	zarso
jaawug	jabón
indus	rob trial
neya	adv arri enseguida
neya	inmediatamente
asesi	asolar
asesi	exterminar
asesi	jaike nar
cer	ant cano
ades	debemos ar bien
ades	equív jaike
ades	hay que
ades	jaikemagkre bejtaara
ades	jaine
val	hay que
val	turas tr
rap	nc tados
sangre	consecuentemente
sangre	la habitación y
enamo	ha rar
enamo	seducir
tem	acabarse
tem	agotarse
tem	refiriéndose a
sala	eldi completamente
sala	enteramente
total	mente
ven	concluir una tarea
ven	terminar untrabajo
cier	males
cier	terminar un
tien	los insectos
jatta	al final
jatta	de último
jatta	dos ma
jatta	kogg dukkra
tar	azul
jatiki	desde
jatiki	hasta
pulsera	hecha en algodón
bittakra	tres ma
jeen	así soñó
jeen	pegar
kaa	bint espirar
kaa	camisa
kaa	circula rakanta
kaa	clasificador
kaa	continentes
kaa	estar
kaa	h m
kaa	hoja vegetal
kaa	ia
kaa	impar
kaa	limuttu
kaa	num
kaa	otro
kaa	paapelu
kaa	praata
kaa	refiriéndose a
kaa	ron
kaa	sangregado
kaa	sentirse
kaa	ser
kaa	ta
kaa	taanti nom
kaa	taauku
kaa	tabaco
kaa	tomar aliento
macizos	la patilla
macizos	las piedras
macizos	los calabazos
macizos	los pocillos
tre	refiriéndose a e
cal	ceiba roja
cal	cor fragmentarse
cal	eros
cal	refiriéndose a objetos
jegayo	jiikati ahogarse
tim	camino explayado
tim	jesucristo
pré	callejón
pré	camino explayado
pré	hija
jiilariy	noa jiicha
super	c ficie
super	hija
jiika	apl st radio
jiika	grabadora
jiika	transmisor
jiika	waacha too
jiika	ón taarakakha
jiinaka	salir
fissa	guardacaminos
fissa	huyentona
fissa	ramada
wee	code wee
wee	grutia
wee	verano
wee	waya
wee	weenok kowe wekwe
jiya	avergonzarse
jiya	sentir pena
jojl	tigre
ingerir	tabaco
jonta	hueco
jonta	perforado
joog	joogkowellu
joog	mico
kogkowellu	lagartijas
kogkowellu	varias especies de
lagar	s gecónidos lepidoblepharis
sanctae	rartae
sanctae	sartae
sanctae	thecadact ylus rapicauda
sanctae	thecadactylus rapicauda
kopiyo	loba
joogkowellu	espada
joogkowellu	lagartija
lin	mosca
haj	nc bri
haj	raasog
haj	raasonti
haj	rakkwata
pal	las avispas
pal	mas
joorodz	ron
jooromaajna	ef
jooromaajna	num jo tres
jooromaajna	refiriéndose a objetos
jooro	de sabor picante
jooro	ef
jooro	erguido
jooro	estar
jooro	falta de completitud
jooro	impar
jooro	jooromujna num dos
jooro	otro
jooro	proteyeemekenta num cinco
jooro	pundungo
jooro	refiriéndose a objetos
osobriri	chupado
joowariya	baño
joowariya	los arroyos
partici	ovejo
ralisadapar	rést
muu	apiadarse
muu	condolerse
muu	encariñarse
refe	nom caney
refe	palma africana
refe	palma amarga
una	codorniz
una	estando atención weenoo
una	kkaowaya
catutikkwi	iigkri
jou	veranillo
llu	julio
llu	veranillo
cla	junco
acuá	aguja
acuá	yuca
juumeriya	arrogero
juumeriya	arroyero
juumeriya	ronda
juumeriya	vara de piedra
ammi	loorensukra
ammi	ra
ammi	ral que kra
egowi	odear
estante	canastos
estante	rías
figaraza	kaechuda
hoja	vegetal
vegeta	kaaw ción arbustiva
ore	achiotero
ore	kraarikra
ore	kroosu lana
ore	llana
ore	na
kaata	salir
pooro	niya
pooro	yannaka
objetos	anchos
objetos	continentes
objetos	cóncavos
objetos	los calderos
objetos	redondos
objetos	refiriéndose
objetos	vi grandes
objetos	vri esféricos
gui	ensis
kissu	kreepog
kissu	ookranta
kissu	rooro
kissu	suri
señño	onte
kaawuya	cabuya
aproximada	bisk abuelo
aproximada	cañandonga
aproximada	degustar
aproximada	en yaan
aproximada	en yaau
aproximada	familia
aproximada	hy kraa chorida
aproximada	wakkwi nen inferior
kaggra	constelación de estrellas
kaggra	nebulosa de orión
galli	gallinas
galli	nazo bactris major
galli	pavos
kaawa	cigarrón
kaawa	con yero
kaawa	horqueta
kaawa	kissuguuri
kaawa	kreepog
kaawa	ookranta
kaawa	palo
kaawa	seññomonte
kaawa	trupillo
curcu	palizadas
curcu	veranillo
bukkra	asog
bukkra	buukrajooni
bukkra	joonawa
bukkra	kaapato
bukkra	raasonti
bukkra	rakkwata
bukkra	uttu
ribri	burro
ribri	cabios
rikati	canoa
bebidas	babilla
cai	makwati
cai	sog
cai	uma
pigara	danta
ungu	burro de selva
phas	deca
phas	isa isa
phas	matodea
phas	tie kuurupretto
fogo	andar
fogo	malambo
maa	ci
maa	ei
maa	garakra mpl municaca
maa	lapa
maa	más
maa	palo de agua
maa	papose
maa	ñaawikra
apro	junio
apro	pisingo
kassa	f su
kassa	hoyador
kassa	krawa
kassa	no diente canino
kassa	nu alanca
kassa	qu manta
kassa	sakkramanta
kassa	sontowa
kajkwari	penca
assi	aíz de árbol
hormiga	diibri
hormiga	especie de
hormiga	traquitraqui
maaza	aromo
maaza	carpinterito
maaza	guayacán chaparro
kajsantasantari	vara de humo
kajsantasantari	vara de león
kajsantasantari	vara santa
kak	yuca
varuunisa	las semillas rbóreas
kawero	acagúero
kawero	departamento de magdalena
kakkewa	apodo
telefo	solicitar
parti	cular
parti	wikaagra yowi
pol	cascabel
yuca	delgadas
yuca	nta tizón denyatta
kanne	bejuco
kanne	bejuco tierra
kanne	iguana
unguis	bejuco uñita
unguis	canasto
unguis	m st canasto
qua	al drivalvis
kanta	de cls gre
gwajgowanisa	no
cor	ikwa s jar
cor	macanear
cor	rié tar selva
dis	esposa
dis	esposo
dis	paral
dis	restos en línea
veinte	pie
tal	empeine del pie
katti	bitaciones
katti	calabazos
katti	clasificador
katti	e kattimujna
katti	en general
katti	falta completitud
katti	habitaciones
katti	habitaciones eq
katti	habitáculos y
katti	impar
katti	objetos
katti	otro
katti	refiriéndose a casas
katto	calabazos
katto	habitaciones pa
katto	num d dos
katto	refiriéndose a casas
habitacio	calabazos
hatti	m erna
kattukwadaggera	r nom
kattukwa	deera
kattukwa	keeko daggera
kattukwa	sooweda buurari
kattukwa	sooweda deera
sooweda	ad deera
keera	extenso
keera	no ancho
keert	que
keert	sólo hilaba algodón
his	luna
his	rias tradicionales
domésti	acuartelar
exten	ad desagradable
exten	graw dido
exten	pararse
exten	rtado
exten	sentado
exten	y ay koegur
exten	yacer
ceram	al bycidae
kej	menos
kejmeta	delicado de salud
kii	no hables
kii	nokenta
kii	papaya
kii	simple
vene	ado
vene	copey
vene	mente
pigera	ya
cerámi	cc cos
natura	fiera
natura	z identidad
natura	za
kwreyanisa	empo de sembrar
non	cosecha
liter	compras
domesti	coclada
emplu	cagada de pajarito
emplu	excremento de pajaro
rutina	pro
ooyo	riga
kisa	bre de hombre
kisa	ces
kisa	continentes kaamujna objetos
kisa	dos
kisa	jetos anchos
kisa	na s veces
kisa	redondos waamujna
mil	trabajo
imie	peón
def	quinina
def	época laqueza
ere	chinchorro
septe	kitt natum
véase	oso caballo
kissuta	nombre de hombre
kiitroga	pante
kiitroga	rrabajaré un día
kogg	manilla
kogh	loro
pen	arroyo grande
stri	idae
ratikkw	kogkra
kokke	despacio
jukkrusa	dedo corazón
jukkrusa	konne dedo medio
mañña	konne risu
prés	konnew kokkwa kweerini
prés	nom dedo medio
prés	num espe dos
carac	suero
preci	ta
cica	didae
koo	koo
koo	ma bru ennaka
koona	pargatera
peeña	mosca real
gra	animales
gra	objetos
gra	radio
gra	taaukul badora
gra	tensis
compartir	dividir
koogra	cla sificador
koogra	familia
koogra	grupo de
koogra	impar
koogra	lom koogramujna
koogra	otro
koogra	refiriéndose a
koogra	tronchar
reco	maíz rrido
reco	num koo uno
aire	de familia
aire	ef
noh	c bruguti
noh	coco
noh	compadrito
noh	koona uita
relativamente	lejano
kraa	clasificador
kraa	ef
kraa	falta de completitud
kraa	impar
kraa	los kraamujna
kraa	no perico
kraa	orar
kraa	refiriéndose a mazorcas
kraa	tra
conserva	mental
normas	hermana
normas	prima
cola	auxiliar
cola	rar
cada	canto
cada	m ed tor
kraas	cacao
kraas	num no dos
kraas	refiriéndose a mazorcas
kro	cacique
jooyalisa	a mpl ora
tinc	la
sobre	turales
cinco	refiriéndose a mazorcas
oracio	los rezos
oracio	ol nes
kraj	contrastantes
mari	si posas
kran	a quebrar
herra	los ot calabazos
kranne	clasificados
kranne	falta de completitud
kranne	fila
kranne	impar
kranne	jtro
kranne	nemujna m os
kranne	neteyeemekenta jum nco
kranne	sin ramas
kree	ef
kree	nudillos
kree	refiriéndose a codos
kree	roun dillas
kree	tobillos
kreekakkwi	nom
kreekenta	voluntarioso
kreey	covador
hie	pundungo
joo	apli o
joo	estriado
joo	pero
joo	rugoso
mesem	nibiscayennensis
kregkrero	carpinteros
melano	dryocopus lineatus
melano	leucos
krejkaa	protegido o
krejkaa	sentirse respaldado
krejkakwa	apoyar
krejkakwa	ayudar a alguien
krejkakwa	respaldar
ewa	prést
ego	maltratar
son	dl tikwari
kroo	de an gowi
kroo	toosukroori
kroo	wi
kroota	i j salva
almace	esparcir achiote
kroori	aya
kroori	kroorimooya
kroori	kroorimooyaka
kroori	toosukroori
kroori	toosukroorí
kroori	waya
enferme	pl e
así	mono
koom	a pagritu
koom	moolakka
koom	moolakku
koom	rela wa
koom	ruchette
derrum	bar una casa
taba	dae
taba	nidae
kajbri	bei
kajbri	caián de río
kajbri	kujbri
kajbri	opporo
kajbri	rokkrwa
kajbri	rokkwa
kajbri	sg
kajbri	sog
kajbri	ujbri
kajbri	uma
kajbri	waakwati
grí	entidades kuuke humanas
grí	num uno
grí	refiriéndose a seres
refiriéndose	animales
refiriéndose	coeedor pioos
refiriéndose	cucaracho
refiriéndose	matapiojos
kuu	compa
kuu	compadre
kuu	matapiojos
kuu	sakagaabra
kuu	sakagatta
sakabri	siigkri
sakabri	tigre
auricu	ar
sakagaabra	cera
sakagatta	cera
sakakakkra	pabellón auricular
cas	colmar un recipiente
cuer	liligowi
cuer	ltos o alargados
cuer	nudadas
cuer	objetos
cuer	s relativamente sólidos
cuer	éndose a trozos
san	guacamaya bandera
bollo	redondo
verti	num para tres
verti	objetos
verti	refiriéndose a seres
pla	des
pla	ef
pla	hum nos
pla	leña nos
pla	nos
kwaa	dom kwaati
kwaa	ef
kwaa	falta de
kwaa	impar
kwaa	kwaamujnz
kwaa	objetos planos
kwaa	otro
kwaa	refiriéndose a tes
kwaa	seres
cases	objetos
cases	refiriéndose a seres
kwaariyoriri	cuerpo plano
dose	bledo blanco
dose	mono
dose	num co uno
dose	objetos
dose	principio montari menos
dose	refiriéndose a seres
dose	ro
dose	sommo
dose	verdolaga
kwaj	macondo
recipien	calderos
inten	kwee cionalmente
inten	kwekkw cionalmente
kweg	no envasar
kwanna	waaw gee
kwekkweri	grande
kwiika	tío
kwitta	cavar
kwitta	éa vrbtrs
tubérculos	comola yuca
tubérculos	el ñame
tubérculos	la batata
est	desenterrar
kwrannari	s cazar
redon	dos u ovalados
ssificador	rujgaka
ssificador	thurium crassinerviun
bejkaa	bienestar
bejkaa	prosperidad
bejkaa	waa
waa	angustia
waa	cha taara
waa	cé
waa	estar
waa	haariwaa
waa	imp nc ser
waa	impar
waa	mar melkwi
waa	niani lguana iguana
waa	objetos esféricos mu
waa	objetos redondos
waa	otro
waa	redondos
waa	tiecm waana
waa	waacha brakaa
waa	waga waati
waa	zozobra
yagka	keera
expre	pa
expre	san
lakkra	espinilla
clasificador	inal que se
pospone	asu
pospone	concavidad
pospone	lita
pospone	motocicleta
sificador	cabezajattakra
sificador	ja upo
sificador	jaakra
sificador	vía actea
referen	animales u objetos
yugkwi	ga
yugkwi	grupo de mujeres
tussa	de ex krawa
ocurren	uutakri
icador	ancha
icador	ao carreteable
icador	e g bijlakwanta
icador	el pélvico
icador	el sacro
icador	jiibrekwari
icador	macana
icador	maciza
icador	rabo
icador	taakwanta
icador	tabla dera
biiyan	dewe
biiyan	leopardus wiedii
biiyan	rdus pardalis
biiyan	tigrillo puma yagouaroundi
kwi	se clss sa
mul	icidad
laakwi	murciégalo
mur	ciélagos
laaniki	afuera
laaniki	exterior
laawi	murciégalo
ladu	maíz cuba
laggri	demorarse
laggri	tardarse
cumpli	naja
anudan	armadillo
mamí	aki
mamí	akkrakoro
mamí	dentado cabassous centralis
mamí	lakkrakoro chorida
mamí	nón
rayado	con franjas uniformes
rayado	orlili apga denadas
serpiente	aaratakkewa
serpiente	bollon bobo
serpiente	carpinterito
serpiente	jilwectowaya liophis
serpiente	mapaná bothrops asper
bla	tapaculo
bla	és
mii	das equis witi
mii	sagkwa diitake
ligkwa	líquido de consistencia
ligkwa	num adj tres
ligkwa	refiri grumoso
gru	mosa
gru	ms
telas	num
telas	trozos de papel
lis	azulosas tretiosciatus
lis	blancas
lem	sia intege niscatus
lii	badense objetos desgarrados
lii	cé
lii	impar
lii	refiriéndose a trozos
lii	tro
lii	urers
ferne	cé
ferne	gerlos
ferne	lia ves
ferne	o ninos
unra	hupa
bar	badense
bar	nom
cquiv	mojarra amarilla
cquiv	praata
domés	a st garrapatita
domés	a st patoco
domés	pato
domés	rada
famil	ripear
plano	bibra de queso
lfligoti	al o
lfligoti	alacrá desmenuzar
mamife	corzuela
mamife	mazama
mamife	venado
govazou	pisa
soorpio	ón
loorensu	lugga nom nom
ammni	juuyamakra
ammni	luggalina kra
ammni	uuyamalkra
ara	araña
ara	auna
ara	basura
ara	neac
ara	nom nom escoba
tomasitc	araña
tomasitc	pata de tigre
par	rawa
lugkre	escobilla blanca
hrni	troncharse
denotaque	en
denotaque	sobre
aciertos	en
ciertos	a la le
ciertos	bres
ciertos	bres para de
ciertos	en medio de
ciertos	pe mino
familia	in psittacidac
ame	icana
maajgata	eq c
maajgata	fecar
obs	escampar
macj	figur
maaj	extingu gatagawi
maaj	gatagawi
maaj	maajgawi
maaj	maajgawita
maaj	tapaculo
odo	relativa ratissima
sabo	sy salados
maintoorc	caliche
nombre	papose
maatageri	en todo momento
maatageri	siempre
pana	congo
diiyo	nompr
diiyo	prést
diiyo	throps mannar
majnakun	wa
mamo	lla
mamo	mannu it el
maññari	borde prést
mara	maní
cás	éruto
wagga	acorta distancia
wagga	rey golero
perso	espabilarse
perso	spantar
aterri	las pieles animales
anfibio	rhinella marina
meeta	medicina
miisiri	saíno
mifero	querer
kakke	me gustaría
kakke	miiwiti mesa okowiyude
hablar	pl
narra	ciones
minane	no regresé rápidamente
sar	mana
sar	miiansu
sar	miisi
sar	misa
sar	muiisi
sar	nún felissilvestris catas
sar	por eso algo
scvrpioi	biwiti
scvrpioi	ligkowa
scvrpioi	maaku
scvrpioi	sagirwa diitake
había	vrbtrs nada
nega	nada te ocurrirá
nega	tivamente
minniki	chinchilín
segunc	centro
segunc	futuro
segunc	medio
segunc	mitad
cole	hter
cole	sguardo issa oristunna
moo	ascgurar
moo	rekkawa alouatia seniculus
rastro	arará macho
rastro	atardecerse
rastro	bled mujer
lazo	huevo de burro
poco	conozoo un poco
poco	mente yokowinte
mooña	nom
moowa	in moore ittiya
humsi	moowe lis
more	ad id sofocante
more	caluroso
mowíi	jobo
mom	bin
mom	enamorado
mom	fruto demoorowa
mom	in
perspi	cillata
época	asegurar
época	enamorado
época	nieta
ñaa	producir un olor
ñaa	sobrina
ñaa	t eder
índice	neque
índice	que se prést
famni	pato
famni	vidac
jattawa	de
meere	minagkreyane weekagaya
meere	no nos enfermado
cobertura	cuero mesa cabelludo
cobertura	árbolmanta
rea	en medio de
rea	itad de
rea	prunnimata
kun	con un posesivo
kun	morar
kun	naagri vrbint provenir
kun	que
kun	residir
kun	v vivir
naajgriga	mozo
naakarika	c naare
naakarika	c pararse
naakarika	erguirse
naakarika	estar de pic
naakiwa	cardón
tetrago	sobrina
domést	azabache
domést	moteno
domést	negro
anima	ahogarse
anima	de les
anima	grandes
anima	les domésticos
anima	objetos macizos kwannakri
anima	objetos yaametuu
anima	plantas
anima	tikri
animales	quiv
nosotros	papayo
hexa	magd sonus
nakasuri	a cada rato
nakasuri	adv raíz
nakasuri	frecuentemente
rakka	coordi gowi
maajga	frecuentar
maajga	saler
maajga	tener por costumbre
ounol	mento rato
ounol	pausa
este	nea
este	suegro
negwa	adje para
negwa	adv su
biiya	cuento
biiya	historia
biiya	no cuesta
biiya	nom narración
biiya	taara loc nadie
nene	conjunción coordinativa
juu	kra
juu	loorensukra
juu	nunca
juu	uuyamakra rbita maxima
prést	cocu piu
prést	nim
prést	pavo
prést	pixju maría palitos
prést	pulga
nine	plaga
indetermi	años
nfna	dem nijya ese
nina	dem pasad aquel
pasad	dem plead aquellos
nokenta	pooti adv nom
nomesito	nombre de hombre
doowe	dem escuchar
durant	oír
nowera	acaccer
nowera	imp pron acontecer
nowera	ocurrit
nowera	prender
ello	o raye
ello	tamarindo
person	conun calabazos
nowe	us burros
precisa	mente vivía así
precisa	nukiwara
ammarati	na kakkeyurade
yug	sur wirinta
mitad	en nuquese mirinta
naa	nura naarira
naa	rira
jannu	delasc kwane
jannu	la mad cé
adje	agradable
adje	supuestamente bueno
nyaaya	buche
aye	bejuquillo
aye	tizón
aye	verja
nyattagra	tizón
madu	derrotar a alguien
madu	vencer
nyuukr	bálsamo
nyuukr	estrella
nyuukr	luceros
glan	um
ñaabri	másigo
ñaabri	name
ñaakrini	cachito
collin	sit
ubi	lepartamento de magdalena
sep	atun
sep	tenatum
ñaaya	buche
ñaaya	comida
sonido	aromo
sonido	bejuquillo
nannaa	ñoo divisar
particu	pobre
particu	pobrecito
particu	querido
okkra	pobre
okkra	querido
nesu	nombre de mujer
sowelu	go
sowelu	y nompli ganado
oogoniri	cocido al humo
oosok	caramba
oosok	excl ni oh
ines	pcrado o dramático
allí	bre de hombre
allí	eter
ter	cé
ter	lamentar
ter	llorar
ter	quejarse
ori	bordón
aseve	te
niñ	et soñar
niñ	ñar
esp	ensoñación
esp	santo
esp	sueño
matriz	útero
owesu	vri afec
paa	pacha
paa	yani
refirión	bagre
paalanakra	ñame
paaligru	guacharaca
paala	it er unse
paala	paalinar
paala	peer nar
paala	pigas paalinare
paala	puulinare
paala	tussakrawakra
paala	ñame
paapas	muñeco
paapelu	papel motru neda
paapelu	papeles
praata	guinco
paatu	galandria
paatu	guinco
paatu	guineo
acu	paa minata
kajgwra	kuarupretto
kajgwra	nom novakra
kajgwra	paawa russw
kajgwra	patunisa ggwratikiwi
sectos	maría palitos
pag	guacharaca
pag	plag pajarilla
aproxima	enero
aproxima	hter
aproxima	mayo
aproxima	tte entre diciembre
peer	abuelo
peer	anciano
guurisu	ancianos
mayo	peer res
res	guardo
arittukra	bonisa
dosea	botón de oro
piinsi	p tomi nom
malifor	pl mara passif
pis	lagartija
pis	restos de alimentos
joogko	erguir wella pekktrata
peññukragga	meleras
pitro	luci goye masajcar
pitro	repasar
pippidal	golondrina
pittiennaka	chupaflor
verdo	reve chupaflor
visto	nom
visto	pavo
visto	yakeka
piuju	pavo
halarob	gos
halarob	la a
halarob	melón
flexi	la
ydrochae	nón
totear	reventar desde adentro
sonic	burra germinar
clari	los
clari	los radios
cala	biiyu
cala	calabacito
cala	ciertas frutas
cala	guartinaja
cala	nomc kweeru
cala	owerisw canast cho
cala	tivabl bazos
fuego	priimub reventarse
fuego	refiriéndose a objetos
priimub	nos cacral suelo
proovra	yuca
vento	oo amarrar
transpor	morrocoyo
sipho	puguta naptera
puda	ad o fétido
puda	nauscabundo
puda	pestilentc
paguw	pestilente
nau	dera
nau	scabundo
pati	el melón
pati	la papaya
pati	tubé lla
made	ciertas frutas
hicador	sin vellosidades
raajga	ra apartar
raara	encrvarse
raara	enfadarse
raara	irritarsc
jaratuu	enervar a alguien
jaratuu	enfadar
raasog	japan raasont
raasog	ratón
rajcuwi	rabiar
rakkra	hartarse
rakkwata	prést
residen	ón
tubércu	don
reesa	res
vetcad	mana
nostal	cé
nostal	elancolía
algo	dibujar
algo	diseñar
algo	escribir
piel	a las
piel	de ciertos animales
rinart	picar
pee	gallina rizada
pee	gu logko
pee	rizada
varic	berr gallineta
tipod	babilla
tipod	palma de vino
tipod	waakwati
gri	de seus
gri	palma de vino
stigkr	oso caballo
esa	pequeño s hormiguero
ruj	detabacojonnawa
ruj	gatopardo
ruj	kaarakanta
embria	borrachera
embria	mencador
yukkwaya	entrañas
yukkwaya	entrañas ya a
yukkwaya	trisccras
ruttabri	de e nom
figur	bellota
ruku	refregar
ruku	restregar
joññokwa	pa
myi	saare tubercal cls
cue	kaaraare
past	diversos
past	varios
tyrunns	arches venezuelensis
tyrunns	myiarchus fer
ador	leche materna
saa	adv tana fuerte
saa	dormilón taarasakka
saa	firme
saa	ka
saa	médic takka dico
saa	nooka
saa	saggala
sas	moler
saagatta	sesos
inverte	brados como grillos
inverte	casaa racoles
inverte	langostas
saajino	mana
saajino	saíno
saaka	clasificador
saaka	estrecho
saaka	falta de completitud
saaka	impar
saaka	kamujna um dos
saaka	kari dj angosto
saaka	kateyeemekenta num cinco
saaka	objetos atados ocmpacados
saaka	otro
saaka	refiriéndose a objetos
ata	dos o envucitos
ata	juugku
ata	tecriya eleocharis mu
mad	saco
mad	varón
saalaprila	p nom
saale	salir
dormi	espiga
castiga	fresco
hacer	una maldad
hacer	waarigowi
sañhanar	sakkramanta a nom
sakkwi	apisonar
suwt	ruña
suwt	soolanu
sassada	conjunción consecutiva
sassada	por eso
sassada	por lo tanto
resquebra	li jado
las	esdelosárboles
las	llegar hasta
grande	y macizo
seeya	picotear
see	celia
see	delgados
see	los calderos
see	ofrecer
see	sense dar
see	y m ordun
den	sión
sentakri	divis seññ
orina	grillo
orina	uñita
cera	cascabel
veñgs	planta mapaná
especie	chicharrón
especie	roote
siipurt	uñita
sessero	cigarrillo
sessero	grillo
pur	urea
desagra	cies de dable
insul	frijol
tex	plástico
sompe	cucaracha
sonnt	enfadado
sonnt	irritado
sonnt	soññoti enojado
afcitars	prést
butte	pelar
sookito	nom
soosokw	suero
totun	venezolana
estac	agujeta
estac	sombecro
har	noa jeta
har	seres humanos kutteycemekenta
aproxi	mente en octubre
gene	los tres magos
cons	chotiws
kattulrwa	daggera
kattulrwa	kattulwadeera
kattulrwa	sooweda buurari
sugganiri	alimento cocido
uurader	cé
uurader	disgustarse
uurader	molestarse
nombri	cé
sunari	valiente
cuerpo	angosto
cuerpo	eirregular liikwecri
cuerpo	keera cla
cuerpo	largo
cuerpo	ma
cuerpo	pequeño briitoye
cuerpo	rabia
cuerpo	refiriéndose a un
cuerpo	rudeza
cuerpo	suumisu furia
cuerpo	ti clasificador
cuerpo	tii clasificador
cuerpo	y grande briikwecri
cuerpo	y macizo briigaari
cuerpo	y macizo briikweeri
cuerpo	y redondo waakweccri
suunsura	ngo
ojo	de giiey
ettesa	puerco
sufi	chupado
sufi	dentro de
inte	duerme dentro maca
inte	saaragate kissasa
haleka	abuclito
haleka	cariño
haleka	peenarisu
taag	que
yaati	palom kewari
sicera	alimentos
sicera	palom ria
taapa	bagaña
taalrwa	otro
taalrwa	wa
servi	cé
servi	recipientes
taakwsa	jagúey
taakwsa	li a
lengua	habla
lengua	idioma
lengua	palabra
noke	taauku hablarburdamente
cotia	hear palabra
taautad	desgraciado
taautad	miserable
taautad	perverso
purpa	uezo
teaguku	tabaco
pigoress	tortera
nuevo	a quienes llamamos
nuevo	caria taina
jna	carreto
cié	tiya
vérte	mbares
sin	teente la gular
maño	termitero
prera	que
plu	temple illa
plu	voluntad
sil	esterilla
sil	hoja de luna
sil	junco
sil	tabaco de o
plan	ga tas kraggwika
plan	rática eleocharis mutata
tewera	girando
tewera	pron dando vueltas
tewera	rotando
desfalle	cimiento
desfalle	cé
liber	refiri pepo
añoj	extenderse
añoj	imp dasa beporar
tii	teewitakri
cuc	halla tropezar
pul	unag monata
neta	culeb la
neta	equiw
especies	de peces
grue	chicharrita
tiibr	nom ardit seban
tán	nar agua no
tán	o pli tijera
tán	prést sem timbo
tán	tijera
tti	cé
otro	cé
otro	objetos tijlaka largos
otro	oblongos
otro	refiriéndose a seres
tíi	nom
oblon	cé tiimujna
oblon	solera
poose	i pose
tran	tintinit
tiiyo	nom
perpendicular	burn niente norte
nae	nom waagri español
nae	y milla
sanos	arder
tia	tityw
tia	ñiu
evi	e dente
ayu	nombre de corazón
teeya	tookr tocar maraca
tyco	sicum
tootutt	no alm
tootebri	nom
arti	cé
arti	ión
articu	lo
calabazo	bonga majagua
vre	disn frutos
dina	sacudirse
tuna	name
tuna	paalinar
tuna	paalinare
tuna	san lanar
tuugat	nom
tuugkeere	ranita
tuugwa	mirar
tuugwa	ver
teco	mapurito
carní	voro conepatus semistriatas
tuula	reencontrarse con alguien
guan	bre de mujer
wist	pl npolo
wist	planta w
imper	bonito
imper	ittikogratawa
imper	monse monsetewa
imper	nublado
imper	tarur montañoso
articula	ción
articula	cé
sur	mana
kiiri	animal desgraciado
pro	guurt
pro	itual kwiila
pro	kwitwita
pro	lukkta gruttari
pro	nombres
pro	o has visto
pro	res
dor	lucero
dor	músculo del zo
dor	músculo gemelo na
dor	músculo o
dor	wa
tura	tutikckn cls suf
noción	de brote vegetal
agrada	inpi a
ugguwiga	calderos
ugguwiga	v cé
tarar	hach kkegowiti
objeto	eucalipto
ukkwa	hachar
despe	aproximadamente en mayo
despe	del desbrooe
uuliy	golero
uuga	banco
uuga	polvorin
uukasu	banco
uukasu	banquito
uukasu	cé kaakri
uukasu	kaakrimata
uukasu	la
uukasu	olivo
uukasu	uatakri
uukasu	uti
uukasu	uukri
encogién	armadillo
tel	animales
kaakri	uma mata
kaakri	uti
kaakri	uukri
kaakri	uumata
kaakri	uupe
kaakri	wuta
zapatc	tacán
uuyamakra	auyama
traba	uiv
anfi	bocachico
anfi	colectar pescado
anfi	ennaka jiompli bocachico
anfi	pescado
anfi	waakayeri
atemorizarse	asustarse
angus	desasosiego
angus	lwos tia
mno	blanco
mno	cha waacha bajmipita
mno	tres pics
picle	guanábana castilla
tualr	flores de lujo
waaj	t waacha sikkikra
prop	bijao
lati	cone folio
taara	españo
taara	gallineta
taara	guachiclo
bitta	waagra
bitta	weagra emnaka
waakra	guacamaya
waakw	bo throps asper
waakw	colirio
waakw	lagañas rakikkra im
waakw	m paná
waakw	mapaná
waakw	nc ojo
waakw	peeye eya
waakw	pof figara ss
waakw	waakwa sonti
waakw	waakwa soomtoro
waakw	yeepe eya
preten	amotoso
preten	sidón
wit	ta
waanch	nom
waanias	num nom
waame	pecho de tigre
wae	pecho de tigre
ave	aglios at cheraare
ave	batata
ave	bochere
ave	briggera chondrohieex uncinatus
ave	bukkachu campylorhynchus
ave	cabello kwiikra
ave	carrao
ave	cero
ave	chicaloa
ave	cl joojo
ave	de ague recortar
ave	galápago
ave	garrapatica
ave	gatopardo
ave	guardacaminos
ave	gwajbri saarasakka
ave	hypnelus raficollis
ave	ittil especie de
ave	joochochi
ave	juuntu momotus moa
ave	juuntukcera bula ruficauda
ave	kaggakwa
ave	kaggwakwa
ave	kajpimpiro
ave	kochere
ave	krogkrero campephilas
ave	kwaagkwari
ave	leptodon cayanensis
ave	lojkattodaggera
ave	m brakke
ave	mare
ave	nyctidromus al
ave	objetos largos gruuta
ave	ojoso
ave	owciowe
ave	paaligru ortalis garrala
ave	pai pai
ave	partir
ave	picar
ave	pierna barbalito
ave	pooñig
ave	ro aramides
ave	roj aramides cajanea
ave	rukku otus choliba
ave	squamma carpintero
ave	toontato
ave	ussuussu
ave	waagko
ave	wikkrasu aicrastur semitorquatus
ave	árboles covador
waamajna	cé
waamajna	num waans dos
waamajna	refiriéndose a seres
waari	des ciac
waarig	paletilla
deu	anamú
deu	bautizar
deu	cadillo
deu	iv waaseewi fotografiar
deu	rujga m dillo
waasu	concha de armadillo
waasu	tía
yeri	refiriéndose a seres
wati	recto
waawa	rito de monte
waawa	zorra
waawagowi	escapar
waawagowi	fegarse
waawagowi	p aboyentarananimal
waawagowi	vislmbrar
waawagowi	volverse visible
waawagowi	wiika
waggabri	rey golero
wainoc	acci
wainoc	acu
wainoc	pal dez ge
perci	ceiba roja
perci	tolúa
wakkani	ceiba blanca
wakkani	libélula
wassa	in wakkokwa
porel	wattiniki hoy
cómo	relampagucar enla lejanía
weenta	amañarse
prési	nota prést
wet	hombre solo
wet	joaco negro
wet	plateado
niwai	wentak robar
estar	acción
estar	achiote
estar	acorralar
estar	animales
estar	animales grandes
estar	animales que
estar	balanceándose
estar	bot firicnd
estar	dokka
estar	dose a animales
estar	efecto de robar
estar	en lo alto
estar	jcerikaa
estar	jissancka
estar	jissanckaa
estar	kejmeta
estar	mayor guuri
estar	mokri
estar	naakati
estar	naakatika
estar	objetos
estar	objetos largos brectakri
estar	objetos macizos
estar	objetos mo
estar	objetos z mogri
estar	ocupa robo
estar	oenganchando
estar	om sooweda
estar	refiriéndose a animales
estar	ri
estar	sobre el suelo
estar	sobre una superficie
estar	tc animales grandes
estar	ukka menor maññari
estar	yaka
estar	yanwa
estar	árboles
equir	figar criar niños
conoc	verano
altas	sentir calor
prote	sompc zoo cucarachero
prote	upervisar
winoo	li eniz
wigpilu	wigtila
wigpilu	wigtiru
wiijma	wigkilu
wiijma	wigpila
wiijma	wigtiru
ahu	pli gow yu
ahu	wigkilu
ahu	wigpila
ahu	wigtila
wwauwa	weugowi
wwauwa	wiikril gowi
wwauwa	wiiwika
wipa	mazan vrbtrs sila
wipa	sobar
takwaj	sowi
wiiya	augura simple
wiiya	insipido
wiiya	sin sabor
wiiyabri	lloradero
waawe	mgowi
waawe	wii
waawe	wiika
wiiyagowi	imitar
wiiyagowi	remedar
wiiyamoowi	presentir
wiiyamoowi	saber con anterioridad
sal	adi augurar
wijassa	ap saber
wijassa	tener conocimientos
wiyentu	nom
cspe	en
enlaca	bre de mujer
fruto	castilla waacha dukkruwa
fruto	árbol de enterarse
vio	refiriéndose a objetos
vio	se
pers	cls relati
yaa	bollomojoso
yaa	guiácharo
yaa	ikwarieira barbara
yaa	maluco
yaa	mana mekaariwaa
yaa	mowa
yaa	nookwi
yaa	remunnaa
yaa	tuu
yaa	v nom
yaa	yaatikwari
carnívoro	v eira barbara
yaame	maluco
pigueazos	guicharo
pigueazos	guácharo
pigueazos	ka
yaasappi	wari jmpli ácharo
yaan	ducño
yaan	padre
paapa	p nwebo
paapa	paapasito lido
paapa	paapasu gruttari
paapa	soowesu
gun	risu kraari
gun	yaau takke
gun	yaau takkesu
gun	yaawak yajgasu gruttari
cho	a sida poeppigianaj
cho	chiimila
cho	nom rida
personas	kragga plural
personas	kwi plural
personas	padre de los
ubre	dioses
ubre	padres
antig	casa completamente cerrada
yajsikwe	cé
yajsikwe	noa residir
yajsikwe	vivir
yaj	tener
yaj	yake haber
empk	aunq
empk	nombre de hombre
empk	padre
kraari	vr nom
menti	cé
guien	difunto
kacabr	a pesar de
kacabr	pedir
kacabr	solicitar it
yeegz	desplazarse en grupo
yeegz	grupos de animales
yeegz	nom desbandarse
yeegz	vómiti refiriéndose asemillas
yeegz	yeegka seres humanos
criatu	cé
yanwa	estar alerta
yanwa	prestar atención
yauti	mejor
yauti	más bien
yawati	comemos otra vez
yawati	más bien
yawati	por qué no
yawati	ycegkru
yeekra	ducño
orga	siura
naajga	acompañando kraachago
naajga	yeekwilo tiki
famili	dueños
famili	padres
yes	hermana
yes	prima
yeeta	caracol de agua
yooro	colaborar barba yecyowaya
yooro	envidia
yooro	jukkru
yooro	liga
yooro	prima
yooro	primo
yooro	waggaya
yoorojukkru	pelota
enzo	a nom
yoo	galáp brigowi
humi	kicwi pr abrillas
plé	rebuscar
rukkwaya	rakra
yummn	loc nom nadie
yuaa	co ningún momento
yuaa	loc r nunca
yuuka	extraviarse
yuuka	yuyake perderse
montear	cé
bre	bres
clasifica	de po plano
clasifica	pequeño
español	ette
cquiva	erencia a ilustración
abajo	abajo
abr	abr moowe
abr	moo
melera	peññukragga
kannatu	ace bru
especiede	wiinti
ácido	acostarse saborkwraarani
acostumb	cor luz tunguwaa
kraña	krañagoyc
kraña	nakkan gowi
planta	acostado bixa os
planta	amarilla lugkre
planta	ammuna
planta	barbaca
planta	batamb barbaco
planta	blanco sommo
planta	bruuru wa
planta	calabazo de
planta	cañandonga
planta	cereus hexagonas
planta	espinoso blccu
planta	juugku
planta	koobru ittiya capparis
planta	macho moogowakra saawiri
planta	majagua ittu
planta	marrón kuuwiyoorokra
planta	naakiwa
planta	paaradakraa masa acuminata
planta	pazradakraa musa inata
planta	pecyogkra
planta	ryookra capsicam amara
planta	semilla
planta	taagkrawatop nisa
planta	takkwa ittiya rawvolfía
planta	tiiru chakra
planta	waajau serna reticulata
planta	waara
planta	waara rujga
planta	yaanten plantago major
planta	yoorogra gossypium
sestar	unas grande brecbrekwa
hori	adentrar dera
hori	animales
hori	huecos pronti
hori	kroggoti
hori	recipientes tiñña
seña	pa
kroorimoo	osukroori
sentir	afrecho
sentir	africana
sentir	jecri
sentir	jeerikaa
sentir	jissa
sentir	jissakaa
sentir	krecya krecyakaa
sentir	mekaa
sentir	wajkaa
sentir	wee
abeja	africana
palma	allineta
palma	jukka ennaka sabal
palma	león
pez	anímica kossoriya
pez	bajagua
pez	bay
pez	bocona
pez	botifo
pez	chancado
pez	de cantidad bunnc
pez	jummesu
pez	kceru
pez	laa
pez	luggali
situación	bejtuuriwaa
másomenos	ervida kiiwo
másomenos	loba
ahora	ale jaaya
alg	un animal wawagowi
alg	waugowi
kwrii	alebrestarse
kappa	y sacudirse
cour	baril
alma	del corazón tootuttusu
menos	cercas wi ear
menos	gaari gari
menos	jonsonaanta manta
menos	krecre augurar krere
menos	krecro krero
menos	krokkro krokkro
menos	kwekkweri
menos	maari maarl
menos	u g puyag
menos	wiima wimari
maanritii	abejajormis
sentirse	joorikaa
sentirse	krecyakaa
sentirse	man malambo
sabor	angosto sazka chograwx
sabor	cttekragga
sabor	ennegragga
despla	akkwa
angustia	año waabrariya
goc	apis o brinneneti
goc	kora brinne
dedo	illo
dedo	kokkwa
dedo	kokkwa akkagala
dedo	kokkwa maapren ññari
att	ranu
aproximarse	arco kwaana
aproximarse	ukketoo
paagwa	mocturmaloppo itti
mono	aret bot arará
dura	flor dekajkuusagra
bol	beckara
bol	dajrekko
bol	meckara ampelocera tula
dio	ette koroda
asegurar	atemori
asegurar	mowii
asemejarse	un a
mente	figar yuuguwi
mente	gwajgawi
mente	myias gwajgo
mente	yuuti
veme	sis
dejar	estar jissanckaa
dejar	moo
dejar	mooye
dejar	un moowe
lanta	ajnikra
lanta	armmnikra
lanta	bruttukolkra
lanta	majkra ipoatatas
lanta	muntimuntirakra
lanta	wecriya ittiya
lanta	yummekra lagenaria ta
sentimiento	botifo tiibru
armadi	waasu koroda
bot	ca maasicha
bot	horcón
bot	quito tujgabru
bot	rujgaka
bot	sonti
bot	st árbolñaakrini
bot	una especie lebrecga
offici	rem
babilla	bagre
rbol	aantiti coccoloba obovata
rbol	ikkokra acacia glomerosa
rbol	jecrati gyrocarpus americanas
rbol	likkragra combretum fruticosum
rbol	moorokra spondias
rbol	nyooroti myroxylon balsamum
baño	barba
cari	batará
zoo	emeditadamente gwerakkati
bejuco	bienpa ugwa
bejuco	maññakra desmoncus anthos
bejuco	tannikra baukrinia glabra
mico	biiku
mico	joo
taakwa	clasificados
poly	uijao gama
kazw	bersattuda
kazw	pela pela becsattuda
quadrival	bot
ungus	cati
serpiemte	berrendo
color	bledo
color	catabre
color	ruunta runta
más	yauti
más	yawati
rde	kraa
rde	kraa chorida
blando	gruuke
ssistencia	gatta clasificador
spi	bollor mosus
avispa	botón de oro
avispa	eléc bocachico
avispa	tábanc waasu koroda
mes	bolloblanco
mes	kaktk bollo
borrachito	b zoo al
animal	sunari
convisos	kanne kanne
vegetal	citi clasificador
vegetal	ka dasificador
vegetal	tura clasificador
hacerlo	bugre bugregowi
cabalgar	caballete
galo	par sag sag
cacique	pcenarikraa
pecna	peenarittukra
pecna	riiti pukkr
pecna	y maci rintatu
dichot	cadena
calcular	refiriéndose a
contener	prunnimata
kuj	rocodylus sp
caldo	camino ruuña
varias	campas tmootc mote
reptil	gwaakwipolychrus marmoratus
reptil	jobón
reptil	kallo
reptil	liimuttu
reptil	lobo
reptil	waana
comporta	candeli miento aate
comporta	caney
jii	we
plantas	joowiga ipo p
plantas	wagga plural
jac	mtia sp
cangrejo	canilla
cangrejo	cañón
offi	cinarum
offi	kitya
excel	bruuruwakra phaseolus
luna	ruto de la
maíz	carreto
cyclocar	carmicera
cyclocar	cascabef
cyclocar	jooweju
melanoleu	carracachero
mesembri	cada
mesembri	nibis cayennensis
mesembri	phimosus infuscatus
tuu	kakkrasig
castigo	cenizo
arma	kwiiwita cera cazadora
kaarataka	kaaratakkewa
kaarataka	rawa
kunzaka	kuusakagatta
cerro	y obl ittikogra
ladodel	jartiniki
cucarrón	gaapu
cucarrón	kcesa kosa
clarida	ditis cóncavos briiteyeemekenta
yeeme	de kenta
clavícu	redondos wa
alimento	sugganiri
yukku	code chic mata
eegowaya	coclada
gallina	enano
gallina	kiironumida meleagris
tnsecto	de monte patu
tnsecto	palu wakkwa
insecto	cocuyo
llevar	gattibri
llevar	l noción de
llevar	un objeto gate
kuuti	gow
kwrecwi	kri
cón	sl cavo progkri
completamente	conduci jara
completamente	owi
confund	concha
confund	congo
gotar	jaarowi
gotar	jazro
contar	copey wiiyakago
ares	coral
litto	contrapietra
litto	corneta
fron	zoo dosa
sapo	coronco zoo convertir
sapo	corral
sapo	el aspecto
correr	costoso wawa
cosecha	animal kiirikiiriwa
crío	ropa waggajiita
ita	krcemedi
anat	cuba
maiz	ladu
maiz	lampu
cumbrera	curiosid arq
chachi	chi zoo bot
chicharra	zoo e koñño
nimal	bitto dittake
nimal	poonchi
nimal	wiisatu hydrochoerus hydrochaeris
antiguos	ette chorida
antiguos	ibrinanta
antiguos	tiibrimanta
rilpiés	binno
rilpiés	kajmimiro
rilpiés	minno
bas	véanse guras
chivato	cha bot zoc
abru	aaugenta
abru	zoc genta
rve	chokkrikwa
ecena	kokkwa kwcerini
ecena	kokkwa kwecerini
ecena	kokkwa maññari
ecena	kokkwa sooweda
ecena	índice kokkwa akkagala
efender	a alguien jaasakwa
efender	kisatuwi
esta	de salud kejmeta
esta	yaamenconiwaa
demacrado	lakati
demacrado	lakatika
lado	gwreedesbar seva gr
resya	sem derribar
firiénd	ado ini
firiénd	dipputtuda
osentimientode	waabrakaariwz
desbordar	desért agua
dujbranakaa	riwa
despri	a alguien ajgoka
peli	bei groteente laatee
lesvá	a alguien brajgata
lesvá	brajgawita
desplazarse	yu
desplazarse	yuu
duranteel	diggasa
sont	muela dij aggra
rse	raarakaa
rse	tuttudakaa
doler	obje wec
yaau	yawekkwi
consistencia	oda
ebano	elev bot
interro	emb gativos
interro	negativos
interro	relativos
interro	stivos
verbos	elaborar emb
verbos	nine
empacado	encend noción de
empacado	refiriéndose a seres
adesivo	la
adesivo	wa
adesivo	ña
imesivo	enana
venado	lochutikkwi mazama
gouazou	krec bira
akko	de fuego priimukakka
engendrar	enjaulado
llo	breenso brenso
llo	isa isa
llo	kollo o
llo	paayani
llo	tuugwa rugwa
enumerar	kwakwita
envidi	ref yettatuwi
mumirin	esclarec tala
cami	nan erguidos
cami	objetos largos naajgriga
naaj	acuta mata
riplo	un objeto naajgo
escorpión	loopo
escorpión	paagwa
esos	de con
gec	waacha chorida
maj	gu nakuusagranisa
briikanakke	estim nisa
geen	tugranisa
ham	astr bre kikkradarinisa
mueble	jaz
perro	krutikkwi
inferior	wettao
buu	rari
extensi	moció ookiyaalla
extensi	ookiyala
excremento	ganta clasificador
gwaa	ya
ele	veckri
corporal	kwa clasificador
fabricar	fahar
fabricar	yaggriri
favor	pedir unyaanookwi
olor	de olor n
olor	muyag
fila	roor final jassasakreya
flui	foco
tronco	más o
tronco	paajni
kajkuusagra	detierra
kajkuusagra	refiriéndose a varias
broo	brona
cionar	aparatos
cionar	refiriéndose a máquinas
sunna	rikaariwaa
gaira	galandria
rey	aabrintalakkra sarcoramplus papa
rey	waggabrilakkra
rey	waggabrinta
rey	waggabrintalakkra sarcoramphus papa
caja	nea
garganta	garrapatero
ambiente	saanituuriwaa
sculo	figar masculinos no
yag	nar plantapooroniya
grabadora	jiilariu
grabadora	jiilariyu
grabadora	taarakakka
grabadora	wecsa kwiiriche
pasto	gwrakketu
apariencia	bejnooniwaa
sii	j rawiennaka
flexible	bujmisa
gregarios	kwi clasificador
rre	bochere
rre	ecro
rre	kochere
loj	daggera
loj	waachikloo
irbol	maatukra inga panamensis
ruto	dukkruwa
linga	guarumera
linga	guinea moo
paloma	guarumo
rampkas	guásimo
stanle	yanus
hede	flexibles pigotaka
bembra	hígado
bembra	refiriendose a animales
hilo	plantas
hilo	refiriéndose a animales
tortuga	biikwiti
tortuga	biiwiti
tortuga	groontu
pedar	jaakwec
rra	del jardín akki
arbol	semilla de
hnir	han waawaka
hnir	wauka
aex	ensiones espaciales braateyeemekenta
senti	niento derakkrakaariwa
diente	dijukka
jaaya	a alguien krcecyatuu
kwere	estado rini
kwere	kokkwa sooweda
kwere	kokkwa ta
weentakaari	indio
tenerla	mekaa
haci	pr kwrcewita
sentimientode	iiprikaariwaa
ala	soowanisa
ala	época dediiyowanisa
jabón	gooya
jabón	jo
jabón	job
siig	kei panthera onca
junco	juventud bot moción
labios	lagaña
luciérnaga	de perro gaagc
mentar	con llanto ooni
kraar	liga
limpiacasas	reptil zoo xim
cre	lloro
ochro	la
jarta	añat kra
llama	de fuego gec
llama	priimubira
atti	gowi
macabro	ma makradx
estado	makkratuuriwaa
yugwi	rinta
sigsinna	durar
sigsinna	rootc
plátamo	rooro musa
magdalena	diitake kweerini
magdalena	diitake sal wakkani
magdalena	k wakkani
rii	risu
kuukara	mah cha
kuukara	riirituu
iritu	yuuwari
kiirimakkra	co
