aadi	bueno; sí
aaga	esconderse; guarecerse; ocultarse
aagawi	monteador
aajgawi	retirar seres malignos mediante
aakenta	estar acompañado
aani	bueno; si
aantiti'	juan garrote; san pedro
aara'	Loro
aau	abruge antofí
abeja	africana
abr	abr moowe; moo
abru	aaugenta; zoc genta
acné	emel anat ditadan duura
aconsejar	amonestar
acostumb	cor luz tunguwaa
acu	paa minata
acuá	aguja; yuca
ades	debemos ar bien; equív jaike; hay que; jaikemagkre bejtaara; jaine; jaite aux hay que
adesivo	wa; ña
adje	agradable; supuestamente bueno
ador	leche materna
adver	nadic; ni bikki
aex	ensiones espaciales braateyeemekenta
afcitars	prést
agra	ble apariencia
agu	vrb
ahora	ale jaaya
ahu	pli gow yu; wigkilu; wigpila; wigtila
aire	ef
ajga	echar
ajgar	andar; pasársela
ajgata	atajar; rebuscar
ajmikr	rebuscar
ajniko	and sigilo; cautela; disimulo; nos besamos
akkati	vrb
akkeya	al; recíprocamente; vrbt inversamente
akkwa	andar; pasársela
ala	soowanisa; época dediiyowanisa
ale	arroyo profundo; cé; pet
alg	waugowi
algo	dibujar; diseñar; escribir
ali	mentos; mentos cocidos; que
alimento	sugganiri
alinterlo	bien; tte im otro
alir	adj esparcir tabaco escupiéndolo
allí	eter
almace	esparcir achiote
altas	sentir calor
amatagkre	pron
ambiente	saanituuriwaa
ame	icana
amma	usted
ammarati	na kakkeyurade
ammata	pron
ammayu	usted
ammi	loorensukra; ra; ral que kra
ammni	juuyamakra; luggalina kra; uuyamalkra
amta	pr pron
anat	cuba
anfi	bocachico; colectar pescado; ennaka jiompli bocachico; pescado; waakayeri
anfibio	rhinella marina
angus	desasosiego; lwos tia
angustia	año waabrariya
ani	alargándose; ales; andar; brakk males; caldero males; cosas; descuerar; desgra mel kwakwagoti; ensortijado; flexible pigawxa; largo; les; les grandes; males; objetos lejanos; objetos macizos jassakati; objetos macizos jassakatimata; plantas; tua males
anima	ahogarse; grandes; les domésticos; objetos macizos kwannakri; objetos yaametuu; plantas; tikri
animal	sunari
animales	quiv
antig	casa completamente cerrada
antiguos	ette chorida; ibrinanta; tiibrimanta
anudan	armadillo
apa	abrubr riencia; riencia
apagar	extinguir; tabacos; tizones
apariencia	bejnooniwaa
ape	mana
apo	kr yado; yado
appet	dea devolver; navidad
apro	junio; mapa ximadamente entre mayo; pisingo
aprovecha	equi dos
aproxima	enero; exc damente entre diciembre; hter; mayo; tte entre diciembre
aproximada	bisk abuelo; cañandonga; degustar; familia; hy kraa chorida; wakkwi nen inferior
aproximarse	arco kwaana; ukketoo
apófisis	chacha
ara	araña; auna; basura; neac; nom nom escoba
arc	bric mucho
ares	coral
arittukra	bonisa
arma	kwiiwita cera cazadora
armadi	azúc llo koobru sijbrida; waasu koroda
arti	cé; ión
articula	ción; cé
ase	contr deroso; serenar
asegurar	atemori; mowii
asen	miento; timiento; vrbtrs tostar granos
asenti	afirmación; miento
asesi	asolar; exterminar; jaike nar
aseve	te
aspecto	dado
así	mono
ata	juugku; tecriya eleocharis mu
atemorizarse	asustarse
att	ranu
atti	gowi
auricu	ar
ave	aglios at cheraare; batata; bochere; briggera chondrohieex uncinatus; bukkachu campylorhynchus; cabello kwiikra; carrao; cero; chicaloa; cl joojo; galápago; garrapatica; gatopardo; guardacaminos; gwajbri saarasakka; hypnelus raficollis; joochochi; juuntu momotus moa; juuntukcera bula ruficauda; kaggakwa; kaggwakwa; kajpimpiro; kochere; krogkrero campephilas; kukkwa chu chordeiles acutipennis; kwaagkwari; leptodon cayanensis; lojkattodaggera; mare; nyctidromus al; objetos largos gruuta; ojoso; owciowe; paaligru ortalis garrala; pai pai; partir; picar; pierna barbalito; pooñig; ro aramides; roj aramides cajanea; romper creer cortejar moo; rukku otus choliba; squamma carpintero; toontato; ussuussu; waagko; wikkrasu aicrastur semitorquatus; árboles covador
avispa	eléc bocachico; tábanc waasu koroda
awat	aturdidamente; pasmadamente
aye	bejuquillo; tizón; verja
añoj	extenderse; imp dasa beporar
baarbaka	barbaca; malva
babilla	bagre; bal zoo bot kajbrikati
bar	badense; nom
bas	véanse guras
baño	barba
bebidas	babilla
bee	añña; biikra; dichooro; dichorittu; intg dónde; kwitta
bej	no
bejaco	kallo koroda gouania polygama
bejkaa	bienestar; prosperidad; waa
bejuco	bienpa ugwa; cydista lilacina kccgwi cauchera; maññakra desmoncus anthos; tannikra baukrinia glabra
bembra	hígado
bes	como; desaparecer; desvanecer
bii	biikrananta; biikunanta; kragorí; krananta; ss kragori; ukk tikkwi
biilu	mico
biiya	cuento; historia; no cuesta; nom narración; taara loc nadie
biiyan	dewe; leopardus wiedii; rdus pardalis; tigrillo puma yagouaroundi
bijlad	ni cuánto
bila	mana; saíino
billber	gi
binniki	binnikika kaaga; chinchilin; cómo amanecimos; cómo estás
biser	vri estar bien
bitt	puerco
bitta	waagra; weagra emnaka
bittakra	tres ma
bla	tapaculo; és
blando	gruuke
blo	mosca real
bojnika	vrb
bol	beckara; dajrekko; meckara ampelocera tula
bollo	redondo
bot	blanca wakkcro hura crepitans; ca maasicha; horcón; quito tujgabru; rujgaka; sonti; st árbolñaakrini
bou	bledo; polvillo
bra	brabrada
braa	bra trb; braate brate vrb; clasificador; clasificados; impar; otro
braateriya	reunión
brakka	gr bra
bran	no sé cómo amaneceré
bre	bres
bree	kwa; objetos grandes; refiriéndose seres humanos; riéx macizos; yac animales grandes
breekriga	vrb
breekwa	vrb
breew	vrb yacer acostado
brii	ar; clasificador; clasificador ma macondo; ef; imp tcycemekenta; kweckkwe; macizo; pl bol; tos grandes cóncavos; yori; zf
briikanakke	estim nisa
brikki	detrás
brikkianna	no vrb
broo	brona
bujes	carauta
bukka	yerno
bukkra	asog; buukrajooni; joonawa; kaapato; raasonti; rakkwata; uttu
bun	an bien consumible jaru
buti	yaya
butt	persuadir; recomendar; vr aconsejar
butte	pelar
buu	rari
buul	ette butteriya; nc pensamiento tradición
buurama	cuando quiera; nom buw riñón; siempre
cabalgar	caballete
cacique	pcenarikraa
cada	canto
cai	makwati; sog; uma
caja	nea
cal	ceiba roja; cor fragmentarse; eros
cala	biiyu; calabacito; ciertas frutas; guartinaja; nomc kweeru; owerisw canast cho; tivabl bazos
calabazo	bonga majagua
caldo	camino ruuña
cami	nan erguidos; objetos largos naajgriga
can	aguas explayas
cangrejo	canilla; cañón
canti	bre dad; cón dad
car	in thaginensis; nnensis
carac	suero
caracte	ekkeda; guiar; kolla; nulekwa gota btrs ncaminar
cari	batará
cariaco	avekrcc bot mibis caye
carní	voro conepatus semistriatas
cases	num esta dos; objetos
casi	dtr num todo; todos
castiga	fresco
castigo	cenizo
catutikkwi	iigkri
cau	chirrío; coquetear; provocar; retar
cer	ant cano
cera	cascabel
ceram	al bycidae
cerca	hamaca
cervi	mazama
cerámi	cc cos
chaa	cómo; qué
chachi	chi zoo bot
chiicho	chicho; chimila; chiquita
chiiso	chiso; chiva; venado
chivato	cha bot zoc
cho	chiimila; nom rida
chorotto	ardita
chuj	monstruo caníbal delas historias
cica	didae
cier	males
ciertos	bres; pe mino
cinta	no vrb
cionar	aparatos
cior	cambiarla; convertir
cié	tiya
cla	junco
clarida	ditis cóncavos briiteyeemekenta
clasi	kraakweeri; macizo; pequeño; po grande; rca grande; és ficar
clasifica	pequeño
clavícu	redondos wa
cls	kwa clasif cls alos
cobertura	cuero mesa cabelludo; árbolmanta
col	ciertos animales arbóreos; gado
cola	auxiliar; rar
cole	hter; sguardo issa oristunna
collin	sit
color	bledo; catabre; ruunta runta
com	br pletitud; objetos ung planos; tiva pletitud
como	alacranes; ciempiés; grillos; tiigruti mantis
compartir	dividir
completamente	conduci jara; owi
completi	plantas; tud
comporta	candeli miento aate; caney
comprome	terse maritalmente
comu	nales
confund	concha; congo
conoc	verano
cons	chotiws
conser	cera
conserva	mental
consistencia	oda
constela	iones
contar	copey wiiyakago
contener	prunnimata
convisos	kanne kanne
cor	goler descuartizar animales corag; macanear; rié tar selva
corporal	kwa clasificador
correr	costoso wawa
cosecha	animal kiirikiiriwa
cotia	hear palabra
cour	baril
cquiv	mojarra amarilla; praata
cre	lloro
criatu	cé
crío	ropa waggajiita
cua	tre vrbint tem trabajar
cuc	halla tropezar
cucarrón	gaapu; kcesa kosa
cue	kaaraare
cuen	an fincas; bosques; cultivos
cuer	liligowi; nudadas; objetos
cuerpo	angosto; eirregular liikwecri; keera cla; largo; ma; pequeño briitoye; rabia; rudeza; suumisu furia; ti clasificador; tii clasificador
cul	guerra
culi	calabazos; cubiertos; dos como ollas; os; pocillos
culti	ce vrbtrs bujm estrujar; kkiitikk vadas
cumbrera	curiosid arq
cumpli	naja
curcu	palizadas; veranillo
cwagowi	pagar
cyclocar	carmicera; cascabef; jooweju; pum ney jukka redonda
cás	éruto
cómo	relampagucar enla lejanía
cón	sl cavo progkri
daj	nariz
dakka	infección; pus
dappi	generalmente; pr saltar
debe	ellos ya nel llegaron
deca	okko na bint ntrar
decan	timplora
dedo	illo; kokkwa; kokkwa akkagala; kokkwa maapren ññari; piper ambellatam al jaabreraasekra
dee	manteca; mazamorra; panela
def	quinina; época laqueza
dejar	estar jissanckaa; moo; mooye
del	bittalorakccra; camajón sterculia apetala; cañaguate; dukkwakikkra; esparcir achiote; gaggwrakikkra; gaggwratowa; guasale; hacha; iro; jaakratoro; joññokwakra; kattukwadaggera; kon dedo anular; krooei; kuwimanta; mismo sexo; mundo humano; muru isa ita; numirintala; parentesco; rio; siudakra phaseolus vulgaris; tabrakka; tío; tío conejo; uklra occipucio; verde akkwabot nisa; véanse guras; wiisawi; wissa; yaaula; yama duusa duusa
demacrado	lakati; lakatika
deman	esfuerzo
den	sión
dendro	cida; danzar
deno	aj; akkwa vit rar; anda diciendo mentiras; anda hablando; ar carencia; aún llegado; discutir; incinerar; maíz verde; no; prender fuego nt rarse; reñir; suele vrb robar; waachate; werituukate
denotaque	sobre
departa	kiter martica; luci puyo delaf martica
des	arc tino final; armadillo; armadillo moján; bajar cl ánimo; cansar; casacaminata zoo yuniriya; cé; dasypus novemcinctus; dentado dasypus novemcinctus; desdicha; desestimular; dicha; equív; especie uurudero; likicwa garrados; linwiyera; liter nuestra madre; llo moján; mes; mimar; mocida; nuestros; quiv; reposar; rula; sutti; vrb; weaniani
desa	significar
desbordar	desért agua
desfalle	cimiento; cé
desgra	maíz
despla	akkwa
desplazarse	yu; yuu
deu	anamú; bautizar; cadillo; iv waaseewi fotografiar
dichot	cadena
did	ardita
diente	dijukka
diferen	tes especies puma yagouaroundi
dig	cuchillo; mazamorra
dih	encía; muela
dii	koggo kwekkwe
diiy	aguas grandes
diiyo	nompr; prést; throps mannar
dij	diente
din	corazoncillo; raicilla
dina	sacudirse
dio	ette koroda
dis	esposa; esposo; paral
dista	cerbatana
distin	diferenciarse; guirse
doler	obje wec
domes	cryp tica; ponche; simón; sut ciert suusu
domesti	coclada
domés	pato; rada
domést	azabache; moteno; negro
domésti	acuartelar
doo	malo
doochito	diosito
doowe	dem escuchar
dor	lucero; músculo gemelo na; wa
dormi	espiga
dose	bledo blanco; mono; num co uno; objetos; principio montari menos; ro; sommo; verdolaga
dujbranakaa	riwa
dujt	echar; tamarindo silvestre
dura	flor dekajkuusagra
durant	oír
duranteel	diggasa
duut	así pasé mi día
ebano	elev bot
ecena	kokkwa kwcerini; kokkwa kwecerini; kokkwa maññari; kokkwa sooweda; índice kokkwa akkagala
eegowaya	coclada
eekawi	alimentar
eekowaya	ponchera
eero	gallineta
efender	kisatuwi
ego	maltratar
egowi	odear
ejk	propio
ejme	vr allá
ejni	ai sangre
ekuna	moka ekuna piirogoye
ele	veckri
ello	tamarindo
embria	borrachera; mencador
empk	aunq; padre
enamo	ha rar; seducir
encogién	armadillo
engendrar	enjaulado
ennaka	chicharra; nom contrapietra
enumerar	kwakwita
envidi	ref yettatuwi
equ	currucuchú
equir	figar criar niños
ere	chinchorro
erpiente	jiwectowaya grutta mastiodryas pleri
erythro	canto; kochere; lazo; us
escorpión	loopo; paagwa
escu	lenta; mia
esp	ensoñación; santo; sueño
espa	acá; ciales; iales
español	ette
espe	groonto; gwragga; miiwiti; puerco; rtuga kinosternon; thag asustarse; to; todirostrum ni ad riceps; wiña
especie	chicharrón; roote
especiede	wiinti
est	desenterrar
esta	yaamenconiwaa
estac	agujeta; sombecro
estado	makkratuuriwaa
estante	canastos; rías
estar	acción; achiote; acorralar; animales; animales grandes; animales que; balanceándose; bot firicnd; dokka; jcerikaa; jissancka; jissanckaa; kejmeta; mayor guuri; mokri; naakati; naakatika; objetos; objetos largos brectakri; objetos macizos; objetos mo; ocupa robo; oenganchando; om sooweda; ri; tc animales grandes; ukka menor maññari; yaka; yanwa; árboles
este	nea; suegro
ette	indios; país; región
ettesa	puerco
ewa	prést
excel	bruuruwakra phaseolus
excremento	ganta clasificador
expre	pa; san
exten	ad desagradable; graw dido; pararse; rtado; sentado; yacer
extensi	moció ookiyaalla; ookiyala
fabricar	fahar; yaggriri
fami	bot hiaris; espec lia apodidac; idac; ixodowdca; licidac; oso; primo
famil	ripear
famili	dueños; padres
familia	in psittacidac
famni	pato; vidac
favor	pedir unyaanookwi
ferne	cé; gerlos; lia ves
figaraza	kaechuda
figur	bellota
figura	ardita; bija; caney; kreex; palma
fila	roor final jassasakreya
firiénd	ado ini; dipputtuda
fissa	guardacaminos; huyentona; ramada
fles	contestar
flexi	nompl vrb prést yuca
flexible	bujmisa
flui	foco
fogo	andar; malambo
fron	zoo dosa
fruto	castilla waacha dukkruwa
fuego	priimub reventarse
fígurars	paletilla
gaabra	bonisa pceñu; pecña
gaagawi	casarse; guindar
gaagri	estar colgado; objetos
gaala	mofar
gaanage	pelear violentamente
gaaneriya	morada
gaapu	cigarrero; ovejero
gaari	alto; gari goo adj vrb; grande
gaatu	sobrina
gaau	bocona
gaawa	gaiw vrb
gaawina	gwaaga nadar
gaggwawa	ad gatti
gaggwra	raicilla
gaira	galandria
gajbr	suegra
galli	gallinas; nazo bactris major; pavos
gallina	enano; kiironumida meleagris
galo	par sag sag
ganta	gen cls suf
garganta	garrapatero
gata	sobrino
gate	bracito
gec	waacha chorida
geco	pckkrutu sijbrida gonetodes albogularis; zoo tod reptiljoogkowellu pckkrutu
gee	awaluitu; cerdo verdadero; miitu; reesa ennaka; saajino; wuda
geen	tugranisa
general	vrb
geni	tales masculinos
giij	wiyettala
giip	alacrán
gite	españoles; guerreros
glan	um
glo	zarza blanca; zarza roja
goc	kora brinne
gotar	jaarowi; jazro
gouazou	krec bira
govazou	pisa
gra	animales; objetos; radio; taaukul badora; tensis
grabadora	jiilariu; jiilariyu; taarakakka; waacha gracias wecsa kwiiri; wecsa kwiiriche
gran	calderos; cóncavos; des felinos al olfatear; ef; huecos como calabazos; les; mico
gregarios	kwi clasificador
grisá	gabriira vilán pequeño
gru	mosa; ms
grue	chicharrita
grugga	desviarse
grutta	respeto; seriedad; solemnidad
gruu	respeto; takakkwi
gruuchakkwi	adulto; anciano; señor
grí	entidades kuuke humanas; num uno
gugga	abastecerse
gui	ensis
guien	difunto
gun	risu kraari; yaau takke; yaau takkesu; yaawak yajgasu gruttari
gutta	gu amanecer
gutteriya	dl morada
guttita	imp
guurisu	ancianos
gwaa	ya
gwajgowanisa	no
gwajgowi	socolar
gwraa	piecito
gwrakkebru	chirrio
habitacio	calabazos
habla	eagasaleka; enlengua indígena; ensangrentado
hablar	pl
había	vrbtrs nada
hace	mee estar colgado balanceándose
hacer	waarigowi
hacerlo	bugre bugregowi
haci	pr kwrcewita
haj	nc bri; raasog; raasonti; rakkwata
halarob	gos; melón
haleka	abuclito; cariño; peenarisu
ham	astr bre kikkradarinisa
har	noa jeta; seres humanos kutteycemekenta
hede	flexibles pigotaka; hasta arrancar objetos largos
her	cé; ef; isa isa mosa; mano; nana; nano; oorisu; sentari; yere ere
hexa	magd sonus
hicador	sin vellosidades
hie	pundungo
hii	chivato
hilo	plantas
hincar	tootuttusu
his	luna; rias tradicionales
hnir	han waawaka; wauka
hoja	vegetal
hor	btrs rciar; caminar imar gukkwa; kitari; ll ca btrs ejar; mangle; prést carnero; ttiwa wi btrs rciar
hori	adentrar dera; animales; huecos pronti; kroggoti; recipientes tiñña; waya owi tal sa
hormiga	diibri; traquitraqui
hrni	troncharse
hue	balones; comida cos uggutakri; dejar; nos cos como huevos; significar; tinajas
huma	animales; antiguos; armad dos; os; otros indigenas; pa; peniento indígena
humanoi	des
humi	kicwi pr abrillas
humsi	moowe lis
hydrochae	mana; saíno
icador	ancha; ao carreteable; jiibrekwari; macana; maciza; rabo; taakwanta; tabla dera
ificador	brazo
iglorabribri	nom vástiga
ikwa	bejsumunnaa
imesivo	enana
imie	peón
imper	bonito; ittikogratawa; monse monsetewa; nublado; tarur montañoso
indetermi	años
indus	rob trial
indí	migkre wi tuwi chee; sorghu nas
inferior	wettao
ingerir	tabaco
insec	tos
insecto	cocuyo
insul	frijol
inte	duerme dentro maca; saaragate kissasa
inten	kwee cionalmente; kwekkw cionalmente
interro	emb gativos; negativos; relativos; stivos
inverte	brados como grillos; casaa racoles; langostas
irbol	maatukra inga panamensis
iritu	yuuwari
ita	krcemedi
itrik	tierra plana
ittakra	pecho
itti	borrachera; desierto; majagua; ti ittibrajga
ittik	llegar
jaa	estante; num; takawa; zarzo
jaachoteru	achotero
jaakra	bocona; cabeza; impar; krateu om calvo; kratoro nom occipucio; otro; paakraputtu nom calvo; plantas; sardinita
jaame	venado
jaane	adj encima; sobre
jaawug	jabón
jabón	gooya; jo; job
jac	mtia sp
jachukwa	vrb
jannu	delasc kwane; llegaron rápido unos hombres
jaratuu	enfadar
jarta	añat kra
jatiki	desde; hasta
jatta	al final; dos ma; kogg dukkra
jau	vi vrb
jeen	así soñó; pegar
jegayo	jiikati ahogarse
jennika	vrb
jii	we
jiika	apl st radio; cuántos hijos tienes oral; grabadora; transmisor; waacha too; ón taarakakha
jiilariy	noa jiicha
jiina	jiiwa vrb
jiinaka	salir
jissanekaa	joj vrb
jiya	avergonzarse; sentir pena
jiyakaa	vrb
jna	carreto
jojl	tigre
jonta	hueco; perforado
joo	estriado; pero; rugoso
joog	joogkowellu; mico
joogko	erguir wella pekktrata
joogkowellu	espada; lagartija
jooro	ef; erguido; estar; gruposde jo objetos colgados; impar; jooromujna num dos; otro; proteyeemekenta num cinco; pundungo
joorodz	ron
jooromaajna	ef; num jo tres
joowariya	baño
jou	veranillo
joññokwa	pa
jukkrusa	dedo corazón; konne dedo medio
jun	loorensu; na; tos; uuyama
junco	juventud bot moción
jus	loorensu; uuya
juu	kra; loorensukra; nunca; uuyamakra rbita maxima
juumeriya	arrogero; arroyero; ronda
kaa	bint espirar; camisa; circula rakanta; clasificador; continentes; estar; hoja vegetal; ia; impar; limuttu; num; otro; paapelu; praata; ron; sangregado; sentirse; ser; ta; taanti nom; taauku; tabaco; tomar aliento; vrb
kaakri	uma mata; uti; uukri; uumata; uupe; wuta
kaarataka	kaaratakkewa; rawa
kaata	salir
kaawa	cigarrón; horqueta; kissuguuri; kreepog; ookranta; palo; seññomonte; trupillo
kaawuya	cabuya
kacabr	pedir; solicitar it
kaj	arc braganisa; bri; casearia sp; crabri; dassi; gee; horqueta dekaj jeenoya; paagwa ittiya; raasog; raasonti; rakkwata; ssara
kajbri	bei; kujbri; opporo; rokkrwa; rokkwa; sg; sog; ujbri; uma; waakwati
kajgwra	kuarupretto; nom novakra; paawa russw; patunisa ggwratikiwi
kajkuusagra	detierra
kajkwari	penca
kajnoo	romper monte; tirar
kajsantasantari	vara santa
kak	yuca
kakka	nubarrón; temporal
kakke	me gustaría; miiwiti mesa okowiyude
kakkewa	apodo
kan	awx; mit reesaennaka; saajino; tapaculo; tuuda
kannatu	ace bru
kanne	bejuco; bejuco tierra; iguana
kanta	no vrb
kassa	hoyador; hu kassa kassa nom; krawa; no diente canino; nu alanca; qu manta; sakkramanta; sontowa
katti	bitaciones; calabazos; clasificador; falta completitud; habitaciones; habitaciones eq; impar; objetos; otro
katto	calabazos; habitaciones pa
kattu	decra; dl kwadeera; sooweda buurari; sooweda decra; sooweda deera
kattukwa	deera; keeko daggera; sooweda buurari; sooweda deera
kattulrwa	daggera; kattulwadeera; sooweda buurari
kawero	acagúero
kazw	bersattuda; pela pela becsattuda
keera	extenso; no ancho
keert	que; sólo hilaba algodón
kej	menos
kenne	gkrete; yumm keya
kii	no hables; nokenta; papaya; simple
kiiri	animal desgraciado
kiirimakkra	co
kiitroga	pante
kisa	ces; continentes kaamujna objetos; dos; jetos anchos; redondos waamujna; vrb
kissu	kreepog; ookranta; rooro; suri
kiti	aceituno; ro
kkwi	vrb
kogg	manilla
kogh	loro
kogkowellu	lagartijas
kokke	despacio
koo	koo; ma bru ennaka
koogra	cla sificador; familia; impar; lom koogramujna; otro; tronchar; vrb koograte
koom	moolakka; moolakku; rela wa; ruchette
koona	pargatera
kopiyo	loba
kraa	adj kran mazorca grande; clasificador; ef; impar; no perico; orar; tra
kraar	liga
kraari	vr nom
kraart	vrb
kraas	cacao; num no dos
kraggwika	nu vrb
kraj	contrastantes
kranne	clasificados; fila; impar; jtro; neteyeemekenta jum nco; sin ramas
kraña	krañagoyc; nakkan gowi
kree	ef; nudillos; roun dillas; tobillos; vf nom an articulación
kreekakkwi	nom
kreekenta	voluntarioso
kreey	covador
kregkrero	carpinteros
krejkaa	sentirse respaldado
krejkakwa	apoyar; respaldar
kro	cacique
kroo	toosukroori; wi
kroori	aya; kroorimooya; kroorimooyaka; toosukroori; toosukroorí; waya
kroorimoo	osukroori
kuj	rocodylus sp
kun	morar; naagri vrbint provenir; que; residir
kunzaka	kuusakagatta
kuu	compa; compadre; matapiojos; sakagaabra; sakagatta
kuukara	mah cha; riirituu
kuuti	gow
kwaa	dom kwaati; ef; impar; kwaamujnz; kwagw kwaateyeemekenta vrb; objetos planos; otro; seres
kwaariyoriri	cuerpo plano
kwaj	macondo
kwajbr	vrb
kwajgri	kwan vrb
kwakwi	no vrb
kwanna	no vrb; waaw gee
kwee	gusano; veranito
kweg	no envasar
kwekkweri	grande
kwere	estado rini; kokkwa sooweda; kokkwa ta
kwiika	tío
kwitta	cavar; éa vrbtrs
kwraa	kwiiwita gu vrb
kwrecwi	kri
kwree	vri vrb
kwreekwa	ka vrb
kwrii	alebrestarse
laakwi	murciégalo
laaniki	afuera; exterior
laawi	murciégalo
labios	lagaña
lado	gwreedesbar seva gr
ladodel	jartiniki
ladu	maíz cuba
laggri	demorarse; tardarse
laje	gusano
lakkra	espinilla
lamen	santiago
lanta	ajnikra; armmnikra; bruttukolkra; majkra ipoatatas; muntimuntirakra; wecriya ittiya; wecriya ittiya morinda royoc; yaasi kenneriya momordica charantia; yummekra lagenaria ta
lar	cé tii; desmigajar; grillo cebollero; im gos; oblongos; tes gos; tiinti nitti; tiirin gos; tiranta
las	esdelosárboles; llegar hasta
lati	cone folio
lem	sia intege niscatus
lengua	habla; idioma; palabra
leopar	dus pardalis; leopardus wiedii
lesvá	brajgawita
lfligoti	alacrá desmenuzar
lia	añ; but ratón heteromys anomalus; currucuchú; mc; pigurars bukkachu; zorro chucho
liber	refiri pepo
ligkwa	num adj tres; refiri grumoso
lii	badense objetos desgarrados; cé; impar; tro; urers
lijmanta	vrb
lil	burros; caballete; estante; zarso
lili	vrb
limettu	liligowi nom vrb
limpiacasas	reptil zoo xim
lin	mosca
linga	guarumera; guinea moo; mowi bot paar guartinaja
lis	azulosas tretiosciatus; blancas
liter	compras
litto	contrapietra; corneta
lkati	lantaka vrb
llama	priimubira
llevar	gattibri
llo	breenso brenso; isa isa; paayani; tuugwa rugwa
llu	as aproximadamente entre junio; julio; veranillo
loj	daggera; waachikloo
looren	ra; uuyamakra; vg sukra
loorensu	lugga nom nom
los	baile; barbulito fa blanco; bonguita ceiba pentandra; bres cuyos; buuruganta; buññukwi; carretico aspidosperma polyneuron; conju pokkre; cucaracha; delgada; ef; guayacancito bulnesia arborea; ikkadikra; intestinos; jukkatutikkwi; juventud; kajwaruunisa; kanti; keera; palma ble; pequeño tamaño; perrito; plantas; rostro; rujgakanta; sdel mundo; seragkwa; snovemcincius; sombra no humana; tajdikra; ternura; tign nom thera mafufo; tobillo; toro; tuutawa; vg biladuggra cóccix; vw; wipproro; yoorotiirini
luciér	casarse; guindar
lugkre	escobilla blanca
lum	handroanthus billbergis
lun	guartinaja
maa	allá viven tus padres; ca remos más maiz; ci; ei; garakra mpl municaca; lapa; más; papose; ñaawikra
maaj	extingu gatagawi; gatagawi; maajgawi; maajgawita; tapaculo
maajga	frecuentar; saler
maajgata	fecar
maana	ad vrb; agua que asa
maanritii	abejajormis
maarigowi	morroc vrb
maatageri	siempre
maawi	agua cristalizada
maaza	aromo; carpinterito; guayacán chaparro
macabro	ma makradx
macj	figur
mad	saco; varón
made	ciertas frutas
madu	vencer
magda	buurukakkratari; lena; lena aarajakkratari; morrocoyo; muula
magdalena	diitake kweerini; diitake sal wakkani
maintoorc	caliche
maiz	ladu; lampu
maj	gu nakuusagranisa
maja	cejas anat cercar ukkrakikkrasagra
majkra	pl magkre batata pron
majnakun	wa
malifor	pl mara passif
mami	vrb
mamife	corzuela; mazama; venado
mamo	lla
mamí	aki; akkrakoro; dentado cabassous centralis; fero desdentado cabassous centralis; lakkrakoro chorida; nón; ro desdentado dasypas novemcinctus
man	vrb golero
mano	tear
mar	appal cha hoy; pialis
mara	maní
mari	si posas
marital	nte
marsupia	lis
matriz	útero
matta	intg nom cuál congo
mayo	peer res
mayoría	arbustos jaa; palmas; plantas cultivadas
maíz	carreto
maño	termitero
mañña	konne risu
maññari	borde prést
mchoroto	ardilla
meere	minagkreyane weekagaya; no nos enfermado
meeta	medicina
meewi	gatoco vrb
melano	dryocopus lineatus; leucos
melanoleu	carracachero
melera	peññukragga
men	naaregowiti; roosau
menos	cercas wi ear; gaari gari; jonsonaanta manta; krecre augurar krere; krecro krero; krokkro krokkro; kwekkweri; maari maarl; wiima wimari
mente	figar yuuguwi; gwajgawi; myias gwajgo; yuuti
menti	cé; padre delos yakkwa ette
mes	bolloblanco; kaktk bollo
mesem	nibiscayennensis
mesembri	cada; nibis cayennensis; phimosus infuscatus
mexi	cana; inón; oso caballo
mico	biiku; joo
mifero	querer
mii	das equis witi; sagkwa diitake
miisiri	saíno
mil	trabajo
minane	no regresé rápidamente
minniki	chinchilín
mno	blanco; cha waacha bajmipita; tres pics
mom	bin; enamorado; fruto demoorowa; in
mono	aret bot arará
montear	cé
moo	ascgurar; rekkawa alouatia seniculus
moomat	mooka prime vrb
moota	vrb
moowa	in moore ittiya
mooña	nom
mor	beekara gutteekaya; ticmpo
more	caluroso
mowíi	jobo
moxri	vrb
mueble	jaz
mul	icidad
multi	bre plicidad; cllos dijeron; ene plicidad
mumirin	esclarec tala
mur	ciélagos
muu	apiadarse; condolerse; encariñarse
myi	saare tubercal cls
más	yauti; yawati
másomenos	ervida kiiwo; loba
naa	nura naarira; rira
naaj	acuta mata
naajga	acompañando kraachago; yeekwilo tiki
naajgriga	mozo
naajmata	naanta na vrb
naakarika	erguirse
naakiwa	cardón
naantimal	vrb
nae	cha waacha chorida toro; nom waagri español
nakasuri	adv raíz; frecuentemente
nannaa	ñoo divisar
nappi	avanzara saltos; generalmente
narra	ciones
narracio	imina weewi lun aqu
natura	fiera; za
nau	dera; scabundo
nega	nada te ocurrirá; tivamente
negwa	adv su
nene	conjunción coordinativa
neta	equiw
neya	adv arri enseguida; inmediatamente
nfna	dem nijya ese
nimal	bitto dittake; poonchi; wiisatu hydrochoerus hydrochaeris
nina	dem pasad aquel
nine	plaga
niwai	wentak robar
niñ	et soñar; ñar
noh	coco; compadrito; ha nompl plea cocotero; koona uita; trs ger algodón
noke	taauku hablarburdamente
nokenta	pooti adv nom
nokentawen	cuándo vuelves
nombre	papose
nombri	cé
non	cosecha
normas	hermana; prima
noso	os vivimos
nosotros	papayo
nostal	cé; elancolía
nowe	us burros
nowera	acaccer; imp pron acontecer; ocurrit; prender
nsukwekkwe	leopardus pardalis leopardus wiedii; tigrillo
nuevo	caria taina
nuke	blando
num	cinco; dos; ef; num cinco; plantas; refiriéndose aextensiones; tres
nyaaya	buche
nyattagra	tizón
nyuukr	bai aro alegt nyottuwagga; bálsamo; estrella; luceros
obj	vrb hilar algodón
obje	bajagua; dolor mu wecriya; gavilán; gavilán grande; macizos; vrb tos grandes
objeto	eucalipto
objetos	anchos; continentes; cóncavos; redondos; refiriéndose; vi grandes; vri esféricos
oblon	cé tiimujna; solera
obs	escampar
ocu	pue
ocurren	uutakri
odo	relativa ratissima
offi	cinarum; kitya
offici	rem
okkra	pobre; querido
olor	muyag
oogoniri	cocido al humo; oosok ad noa ahumado
ookwa	resistir; tener aguante
oosok	caramba
ooyo	riga
oracio	ol nes
ore	achiotero; kraarikra; kroosu lana; llana; na
orga	siura
ori	bordón
orina	grillo; tigre thera sen seu; uñita
osentimientode	waabrakaariwz
osobriri	chupado
otro	cé; objetos tijlaka largos; oblongos
ounol	mento rato; pausa
owe	cuántos hijos tienes; ruku mpli st puerco
owesu	vri afec
owi	agrupar; paujil; piar
paa	pacha; yani
paagwa	mocturmaloppo itti
paala	paalinar; peer nar; pigas paalinare; puulinare; tussakrawakra; ñame
paalanakra	ñame
paali	ñaabru nom rolera roja
paaligru	guacharaca
paapa	nomb soowesu gruttari kraari; paapasito lido; paapasu gruttari; soowesu
paapas	muñeco
paapelu	papel motru neda; papeles
paato	noi ra mi hee
paatu	galandria; guinco; guineo
pad	cas peces; ef; no nadar
padre	ci lia paapasu gruttarj
pag	guacharaca; plag pajarilla
paguw	pestilente
pal	mas
palma	allineta; jukka ennaka sabal; jukka waacha elacis guineensis; león
paloma	guarumo
pana	congo
par	rawa
parti	cular; wikaagra yowi
partici	ovejo
particu	pobre; pobrecito; querido
partir	marcharse
pasad	dem plead aquellos
past	diversos; varios
pasto	gwrakketu
pati	tubé lla
pecna	jeto mu siigkri pukkru; peenarittukra; riiti pukkr
pecu	liar; premeditada
pedar	jaakwec
pee	gallina rizada; gu logko; rizada
peer	abuelo; anciano
peeña	mosca real
peli	bei groteente laatee
pen	arroyo grande
pequeño	no tamaño
per	animales gaggwamata; arriba; asado ib ojni kwaana; asar arriera; bes noctar; colarse; lel plural; maluco; padre ette; periquito; plural; si hubiera habido comida; specialmente europeos; va sonas; wiiyal sonas
perci	ceiba roja; tolúa
percibi	vrb
perpendicular	burn niente norte
perro	krutikkwi
pers	cls relati
perso	espabilarse; spantar
person	conun calabazos
personas	kragga plural; kwi plural
perspi	cillata
pez	anímica kossoriya; bajagua; bay; bocona; botifo; chancado; jummesu; kceru; laa; luggali; nyctibius griseus boni bodoque
peññukragga	meleras
phas	deca; isa isa; matodea; tie kuurupretto
picle	guanábana castilla
pigara	danta
pigera	ya
pigoress	tortera
pigueazos	guicharo; guácharo; ka
pigura	oy; zx
pippidal	golondrina
pis	basura acumulada desisti yagka; lagartija
pitro	luci goye masajcar; repasar
pittiennaka	chupaflor; espa nompl vendi chupaflor
piuju	pavo
pla	des; ef; hum nos; leña nos; nos
plan	ga tas kraggwika; rática eleocharis mutata
planta	acostado bixa os; amarilla lugkre; ammuna; arej taautadi capparis verrucosa; aristolochi ma tagaar contrapatoco; barbaca; batamb barbaco; blanco sommo; bruuru wa; cañandonga; cereus hexagonas; cimarrón nyoodakra capsicum baccatum; espinoso blccu; jojligkra sesamum alg indicam; juugku; koobru ittiya capparis; macho moogowakra saawiri; majagua ittu; marrón kuuwiyoorokra; mookara sommo amaus dubius; naakiwa; naawika acanthocedelgad reus tetragonus; paaradakraa masa acuminata; pazradakraa musa inata; pecyogkra; ryookra capsicam amara; semilla; taagkrawakra casar jenus cajan; taagkrawatop nisa; takkwa ittiya rawvolfía; tecriya eleocharis mupeque tata; tiiru chakra; waajau serna reticulata; waara; waara rujga; yaanten plantago major; yoorogra gossypium
plantas	wagga plural
plu	temple illa; voluntad
plá	jukket tano musa acuminata
plátamo	rooro musa
plé	rebuscar
poco	mente yokowinte
pol	cascabel
poly	uijao gama
pooro	niya; yannaka
porel	wattiniki hoy
pospone	asu; concavidad; lita; motocicleta
praata	guinco
pre	culo; flexibles parda; joowagante samana bej moye; llantén; lojkartod lisaso; montaña vieja; rs querer; ya me ooyokra bañé
preci	ta
precisa	mente vivía así; nukiwara
prera	que
preten	amotoso; sidón
pretiosa	num taama br dos
pri	alowatta seniculus; mate alouatta seniculus; mate cebus albifrons cesarae; simón
prigata	vrb
priimub	nos cacral suelo
pro	guurt; itual kwiila; kwitwita; lukkta gruttari; nombres; res
progotiwa	vrb
pronombres	gativos; gatizos; gusa males; interrogativos; lwara ammarawe taukara inmiti; mana bejsaara; managkre kike; monteador; negativos; no duermo bien; re; relativos; terrogativos; vos
proovra	yuca
prop	bijao
pros	ridad
prospe	cé; lad
prote	sompc zoo cucarachero; upervisar
pré	callejón; camino explayado; hija
prés	cor nom dedo índice; konnew kokkwa kweerini; nom dedo medio; num espe dos
prési	nota prést
prést	ad parta olor cobrizo; cocu piu; nim; pavo; pixju maría palitos; pulga
puda	nauscabundo; pestilentc
pue	ciudades; dtr blos; monteador
pul	unag monata
pundungo	tamandúa
pur	urea
purpa	que waencha dina ire; uezo
purpuras	cens purpurascens; nba; si pls iguana
puta	mayor; señor
qua	al drivalvis
quadrival	bot
que	mos acá; pavo; pisco
qui	vrb
raajga	ra apartar
raaka	vaca
raara	encrvarse; enfadarse; irritarsc
raasog	japan raasont; ratón
rajbri	bujío; dormilón descuidado
rajcuwi	rabiar
rakka	coordi gowi
rakkra	hartarse
rakkwata	prést
ralisadapar	rést
rampkas	guásimo
rap	nc tados
rastro	arará macho; atardecerse; bled amar moogowakra saawiri; bled mujer
ratikkw	kogkra
rawatuttu	mana
rayado	orlili apga denadas
rbol	aantiti coccoloba obovata; ikkokra acacia glomerosa; jecrati gyrocarpus americanas; likkragra combretum fruticosum; moorokra spondias; nyooroti myroxylon balsamum
rde	kraa; kraa chorida
rea	prunnimata
reci	dosc ale piente; nte; objetos largos; piente; sientes taakwateycemekenta; tos man animales
recipien	calderos
reco	maíz rrido; num koo uno
reesa	res
refe	nom caney; palma africana; palma amarga
refi	adassi mpr ést bogotá; animales; animales fon grandes; aparatos; ata jompr rést bogotá; boa; flexibles; iéndose eventos extraordinarios; macizos; objetos; objetos largos; objetos macizos; oblongos liteyeemekenta; plantas; puerco; quiv buwada; stos macizos; uiv
refirién	an máso; animales; animales grandes; cañaguate; cualidades; flexibles wiimari; imales; impl rést caballo; obgwaagu jetos; objetos; plata; rayanta im srillo; tigre
refiriéndose	animales; coeedor pioos; cucaracho; matapiojos; objetos agredi largos naakatimata
refirión	bagre
rela	ente corto; machetes; tivamente esféricos
relativamente	lejano
repre	gru sentativo
reptil	gwaakwipolychrus marmoratus; jobón; kallo; liimuttu; liimuttutu cnemiloma dophorus lemniscatus; lobo; waana
res	guardo
reser	soino
residen	ón
respetar	equív; honrar; reverenciar
resquebra	li jado
resya	sem derribar
rey	aabrintalakkra sarcoramplus papa; waggabrilakkra; waggabrinta; waggabrintalakkra sarcoramphus papa
ribri	burro; cabios
riggiloa	vrb
rii	risu
rikati	canoa
rilpiés	binno; kajmimiro; minno
rinart	picar
rmuni	esk caca genipa americana
robin	mi; zorro chucho
roo	vrb
rre	bochere; ecro; kochere
rrenc	presrode tar
rse	raarakaa; tuttudakaa
ruj	detabacojonnawa; gatopardo; kaarakanta
rukke	vrb
rukkwaya	rakra
ruku	refregar; restregar
rutina	pro
ruto	dukkruwa
rve	chokkrikwa; sokkrikwa todiros rum cinereum; todirostrum nigriceps pa chupa
saa	adv tana fuerte; dormilón taarasakka; firme; ka; médic takka dico; nooka; ojalá que duermas bien; saggala
saagatta	sesos
saajino	mana; saíno
saaka	clasificador; estrecho; impar; kamujna um dos; kari dj angosto; kateyeemekenta num cinco; objetos atados ocmpacados; otro
saale	salir
saanikaa	excl vrb
sabo	sy salados
sabor	angosto sazka chograwx; cttekragga; ennegragga
sagg	animales
sakabri	siigkri; tigre
sakagaabra	cera
sakagatta	cera
sakakakkra	pabellón auricular
sakkwi	apisonar
sal	adi augurar
sala	eldi completamente; enteramente
san	guacamaya bandera
sanctae	rartae; sartae; thecadact ylus rapicauda; thecadactylus rapicauda
sangre	consecuentemente
sanos	arder
sapo	coronco zoo convertir; corral
sar	mana; miiansu; miisi; misa; muiisi; nún felissilvestris catas
sas	moler
sassada	conjunción consecutiva
scorpioi	des
sculo	figar masculinos no
scvrpioi	biwiti; ligkowa; maaku; sagirwa diitake
sectos	maría palitos
see	aquí conciuye su historia; celia; como ramas delos árboles; delgados; ofrecer; sense dar
seeya	picotear
segunc	centro; futuro; medio; mitad
segunda	parte diccionario españ olette
semi	secas
sen	dejar; ss; tidos
sentakri	coriar nompli sigsinna prést; divis seññ
senti	niento derakkrakaariwa
sentimiento	botifo tiibru
sentimientode	iiprikaariwaa
sentir	afrecho; africana; jecri; jeerikaa; jissa; jissakaa; krecya krecyakaa; mekaa; wajkaa; wee
sentirse	joorikaa; krecyakaa; man malambo
sep	atun; tenatum
seppa	barbul; pacopaco
septe	kitt natum
ser	ente mastigodryas pleei; ij; jottokaa; ku clasificador; kwi clasificador; pagar; tj; wii; wiina
serpiemte	berrendo
serpiente	aaratakkewa; bollon bobo; carpinterito; jilwectowaya liophis; mapaná bothrops asper
servi	cé; recipientes
sessero	cigarrillo; grillo
sestar	unas grande brecbrekwa
seña	pa
señño	onte
sicera	alimentos; palom ria
sificador	cabezajattakra; ja upo; jaakra; vía actea
sigsinna	durar; rootc
siig	kei panthera onca
siipurt	uñita
sij	ga bei coragyps atratus
sil	esterilla; junco
silves	nidoscolus urens; tre malachra alceifolia
sinextre	mapaná; planta mapaná
singu	estoy llorando; isauka guuri
sipho	puguta naptera
siphonap	ittilke tera
situación	bejtuuriwaa
ski	arriba
sobre	turales
sobresaliente	igura dooro
sompe	cucaracha
son	dl tikwari
sonic	burra germinar
sonido	aromo; bejuquillo
sonnt	enfadado; irritado; soññoti enojado
sont	muela dij aggra
sookito	nom
soorpio	ón
soosokw	suero
sooweda	ad deera
sor	cla presao animosidad; ct cantar; dela presa; perf presa; trinar; vrb
sowelu	go
spi	bollor mosus
squa	al mosa
ssificador	rujgaka; thurium crassinerviun
ssistencia	gatta clasificador
stanle	yanus
stigkr	oso caballo
stri	idae
sudes	ino final
suf	corta nompl dente guarumera; for yuu dir vrb; imp sufij sero lucir
sufi	chupado
sugganiri	alimento cocido; br adj mucha cocido
sukkwiga	vrb
sunari	valiente
sunna	rikaariwaa
super	hija
sur	mana
suunsura	ngo
suwt	ruña; soolanu
taag	que
taakwa	clasificados
taakwsa	jagúey
taalrwa	otro; wa
taapa	bagaña
taara	españo; gallineta; guachiclo
taautad	desgraciado; miserable; perverso
taba	dae; nidae
taca	nív
takri	saltar hacia arriba
takwaj	sowi
tamañt	me vrb
tar	azul
tarar	hach kkegowiti
teaguku	tabaco
teco	mapurito
teekri	agua reposada; aguas profundas; explayada; jagúey
teeya	tookr tocar maraca
tel	animales
telas	num
telefo	solicitar
tem	acabarse; agotarse
tenerla	mekaa
ter	cé; lamentar; llorar; quejarse
tetrago	sobrina
tewera	girando; pron dando vueltas; rotando
tex	plástico
tia	tityw; ñiu
tie	rra
tii	teewitakri
tiibr	nom ardit seban
tiiyo	nom
tim	camino explayado; jesucristo
tipod	babilla; waakwati
tnsecto	palu wakkwa
tomasitc	araña
tootebri	nom
tootutt	no alm
tortuga	biikwiti; biiwiti; groontu
total	mente
totear	reventar desde adentro
totun	venezolana
tra	adv bajo; ati; dicionales; pa dicionales; tato; urabaja; yecto
traba	uiv
tradi	ales; arhuacos; cionales; ionales
tradicio	juk nales; rales
tran	tintinit
transpor	morrocoyo
tronco	paajni
tti	cé
tubércu	don
tubérculos	comola yuca
tuna	name; paalinar; paalinare; san lanar
tunnu	tukkwa asc vrb
tura	tutikckn cls suf
tuu	kakkrasig
tuugat	nom
tuugkeere	ranita
tuugwa	mirar; ver
tyco	sicum
tyrunns	arches venezuelensis; myiarchus fer
tán	nar agua no; prést sem timbo; tijera
tíi	nom
típi	bledo blanco
ubre	dioses; padres
uca	cambiarla; sac convertir
ugguwiga	calderos
ugguwikri	ni vrb
ukapaka	ukkwabr adv vrb
ukka	sin dientes
ukkrakikkrasagra	in nom estarc cejas
ukkwa	hachar
una	ad cantidad originalmente mayor; codorniz; estando atención weenoo; kkaowaya
unguis	bejuco uñita; canasto
ungus	cati
unra	hupa
uste	sur
uti	idas como zemilla
uttu	zarigúeya didelphis; zorro chucho
uuga	banco; polvorin
uukasu	banco; banquito; cé kaakri; kaakrimata; olivo; uatakri; uti; uukri
uuliy	golero
uurader	cé; disgustarse; molestarse
uuta	uuye vrb
uutu	loma
uuyamakra	auyama
val	hay que; turas tr
varias	campas tmootc mote
varic	berr gallineta
varón	liga
vegeta	kaaw ción arbustiva
vegetal	citi clasificador; ka dasificador; tura clasificador
veinte	pie
veme	sis
ven	terminar untrabajo
venado	lochutikkwi mazama
vene	ado; copey; mente
vento	oo amarrar
ver	pasaba iendo
verbos	elaborar emb; nine
verdo	reve chupaflor
verti	objetos
vetcad	mana
veñgs	planta mapaná
visto	nom; pavo; yakeka
vokaa	hartarse
vre	disn frutos
véase	oso caballo
vérte	mbares
waa	angustia; cha taara; cé; estar; haariwaa; imp nc ser; impar; mar melkwi; niani lguana iguana; objetos esféricos mu; objetos redondos; otro; redondos; tiecm waana; waacha brakaa; waga waati; zozobra
waakra	guacamaya
waakw	bo throps asper; colirio; lagañas rakikkra im; mapaná; nc ojo; peeye eya; pof figara ss; waakwa sonti; waakwa soomtoro; yeepe eya
waamajna	cé; num waans dos; objetos re no dondos
waanch	nom
waanias	num nom
waari	des ciac
waarig	paletilla
waasu	tía
waawa	mamífero ivoro cerdocyon thous; no vrb; zorra
waawagowi	escapar; fegarse; jooyalisadapar trs escchar; vislmbrar; volverse visible; wiika
waawe	mgowi; wii; wiika
wagga	acorta distancia; rey golero
waggabri	rey golero
wainoc	acci; acu; pal dez ge
wajgobri	wakkrita vrb
wakkani	ceiba blanca; libélula
wakkomata	vrb
wassa	in wakkokwa
wati	recto
waugowi	weekaa vrb
weckegs	vrb
wee	code wee; grutia; verano; waya; weenok kowe wekwe
weeme	vrb
weenoo	ad vrb
weenta	amañarse; nt sem hallarse; vrb
weentakaa	bals vrb
weentakaari	indio
wet	hombre solo; joaco negro; plateado
wigpilu	wigtila; wigtiru
wii	ada; calor; cuñado; fl vrb; haya owi; no; sila; sorra; wiisimagka
wiicha	culebra; lc ya owi jii; wiichayaowi; yaowi; yxo
wiijma	sol nompl ref yu; wigkilu; wigpila; wigtiru
wiiya	augura simple; insipido; sin sabor
wiiyabri	lloradero
wiiyagowi	imitar; remedar
wiiyamoowi	presentir
wijassa	ap saber; tener conocimientos
wilao	noa wiima no nom
winoo	li eniz
wipa	mazan vrbtrs sila; sobar
wist	pl npolo
wit	ta
wiyentu	nom
wraa	cé; impar; otro
wwauwa	weugowi; wiikril gowi; wiiwika
yaa	bollomojoso; guiácharo; ikwarieira barbara; maluco; mana mekaariwaa; mowa; nookwi; remunnaa; tuu; yaatikwari
yaame	maluco
yaan	ducño; padre
yaarituwi	vrb
yaasappi	wari jmpli ácharo
yaati	palom kewari
yaau	yawekkwi
yag	nar plantapooroniya
yagka	keera
yaj	liter padre ment menor; tener; yake haber
yajsikwe	cé; noa residir; vivir
yannakakwa	herm vrb
yanwa	estar alerta; prestar atención
yauti	mejor; más bien
yawati	comemos otra vez; más bien; ycegkru
ydrochae	nón
yeegz	nom desbandarse; vómiti refiriéndose asemillas; yeegka seres humanos
yeekra	ducño
yes	hermana; prima
yoj	vrb
yoo	galáp brigowi
yooro	colaborar barba yecyowaya; envidia; jukkru; liga; nom vrbtrs algo ayudar; prima; primo; waggaya
yoorojukkru	pelota
yuaa	co ningún momento
yuca	delgadas; nta tizón denyatta
yug	sur wirinta
yuggayane	dem wukkri
yugkwi	ga
yugwi	rinta
yukka	vrb
yukku	code chic mata
yukkumata	yumal vrb
yukkwaya	entrañas; trisccras
yumm	yukkwa ca vrb
yummn	loc nom nadie
yuu	diitake dokkwi
yuugka	no vrb
yuuka	extraviarse; yuyake perderse
zapatc	tacán
zoo	emeditadamente gwerakkati
ácido	acostarse saborkwraarani
árbo	ven les; weetokranta
árbol	avewipproro myiarchus tuberculifer; beckra brosimaum alicastrum; becwanisa; beza tissakra; biisakra sterculia apetala; cadillo; calabazo debot cuggrawa; calabazo deikkawa; camaleón; canaste camajón; canoa; cañamana; cerbaran semilla; chaparro kajmaj; cho; cocuelo; daggwra enterolobium; desnudo ñaabri burserasimaruba; dukkruwakra annona purpurea; dukkruwatutikkwi anmnonasqua pelli mosa; ei; fruto bot debiisawa; fruto debeewa; gaawi; guasale; hamaca kraa; iira; ittu; jarikati; jiira vitex cymosa; joonti centrolobium paraense; jootikarawakra elicoccus oliviformis; kaaramokwarakra licania arborea; kajbussara caesalpinia ebano; kajkakkeri; kajromoroti acacia macracantha; kajruuruti platymisciam sp; kalloti wittmackanthus; konnckra zanthoxylum; kuunsiwakra hymenaca; kwaati cavanillesia platanifolia; kwraarati; lechuza; liinta lintatuwa; maalabo; maalapu ka pterygota excelsa; majagua; majnakuumisa; manta kooroda liitake; myiarchus; pappuwa; pseudobombax septenatum; rcc gaggwwwra igkiln; ri; sume ojoso; tiichakra ceiba pentandra; tiukra melicoccas; tuggraya pseudobombax man septenatum; tukkra guazama ulmifolia; tunnuruwakra lecythis minor; vr acacia glomerosa; wanisa; wigpilo
época	asegurar; enamorado; nieta
índice	neque
ñaa	sobrina; ñaa vrb
ñaabri	másigo; name
ñaakrini	cachito
ñaaya	buche; comida
