aadi	bueno
aadi	sí
aaga	esconderse
aaga	guarecerse
aaga	ocultarse
aagawi	monteador
aajgawi	retirar seres malignos mediante
aakenta	estar acompañado
aani	bueno
aani	si
aantitl	juan garrote
aantitl	san pedro
aara	ari
aara	bofe
aara	buurukakkratari
aara	carito
aara	cintur kassakwa
aara	cé
aara	diitake anat wakkani
aara	diitake kwcerini
aara	koggo wakkani
aara	yerna
aau	abruge antofí
abajo	abajo
abeja	africana
abr	abr moowe
abr	moo
abru	aaugenta
abru	zoc genta
acné	emel anat ditadan duura
aconsejar	amonestar
acostumb	cor luz tunguwaa
acu	paa minata
acuá	aguja
acuá	yuca
ades	debemos ar bien
ades	equív jaike
ades	hay que
ades	jaikemagkre bejtaara
ades	jaine
ades	jaite aux hay que
adesivo	wa
adesivo	ña
adje	agradable
adje	supuestamente bueno
ador	leche materna
adver	nadic
adver	ni bikki
aex	ensiones espaciales braateyeemekenta
afcitars	prést
agra	ble apariencia
agu	vrb
ahora	ale jaaya
ahu	pli gow yu
ahu	wigkilu
ahu	wigpila
ahu	wigtila
aire	ef
ajga	echar
ajgar	andar
ajgar	pasársela
ajgata	atajar
ajgata	rebuscar
ajmikr	rebuscar
ajniko	and sigilo
ajniko	cautela
ajniko	disimulo
ajniko	nos besamos
akkati	vrb
akkeya	al
akkeya	recíprocamente
akkeya	vrbt inversamente
akkwa	andar
akkwa	pasársela
ala	soowanisa
ala	época dediiyowanisa
ale	arroyo profundo
ale	cé
ale	pet
alg	waugowi
algo	dibujar
algo	diseñar
algo	escribir
ali	mentos
ali	mentos cocidos
ali	que
alimento	sugganiri
alinterlo	bien
alinterlo	tte im otro
alir	adj esparcir tabaco escupiéndolo
allí	eter
almace	esparcir achiote
altas	sentir calor
amatagkre	pron
ambiente	saanituuriwaa
ame	icana
amma	usted
ammarati	na kakkeyurade
ammata	pron
ammayu	usted
ammi	loorensukra
ammi	ra
ammi	ral que kra
ammni	juuyamakra
ammni	luggalina kra
ammni	uuyamalkra
amta	pr pron
anat	cuba
anfi	bocachico
anfi	colectar pescado
anfi	ennaka jiompli bocachico
anfi	pescado
anfi	waakayeri
anfibio	rhinella marina
angus	desasosiego
angus	lwos tia
angustia	año waabrariya
ani	alargándose
ani	ales
ani	andar
ani	brakk males
ani	caldero males
ani	cosas
ani	descuerar
ani	desgra mel kwakwagoti
ani	ensortijado
ani	flexible pigawxa
ani	largo
ani	les
ani	les grandes
ani	males
ani	objetos lejanos
ani	objetos macizos jassakati
ani	objetos macizos jassakatimata
ani	plantas
ani	tua males
anima	ahogarse
anima	grandes
anima	les domésticos
anima	objetos macizos kwannakri
anima	objetos yaametuu
anima	plantas
anima	tikri
animal	sunari
animales	quiv
antig	casa completamente cerrada
antiguos	ette chorida
antiguos	ibrinanta
antiguos	tiibrimanta
anudan	armadillo
apa	abrubr riencia
apa	riencia
apagar	extinguir
apagar	tabacos
apagar	tizones
apariencia	bejnooniwaa
ape	mana
apo	kr yado
apo	yado
appet	dea devolver
appet	navidad
apro	junio
apro	mapa ximadamente entre mayo
apro	pisingo
aprovecha	equi dos
aproxima	enero
aproxima	exc damente entre diciembre
aproxima	hter
aproxima	mayo
aproxima	tte entre diciembre
aproximada	bisk abuelo
aproximada	cañandonga
aproximada	degustar
aproximada	familia
aproximada	hy kraa chorida
aproximada	wakkwi nen inferior
aproximarse	arco kwaana
aproximarse	ukketoo
apófisis	chacha
ara	araña
ara	auna
ara	basura
ara	neac
ara	nom nom escoba
arc	bric mucho
ares	coral
arittukra	bonisa
arma	kwiiwita cera cazadora
armadi	azúc llo koobru sijbrida
armadi	waasu koroda
arti	cé
arti	ión
articula	ción
articula	cé
ase	contr deroso
ase	serenar
asegurar	atemori
asegurar	mowii
asen	miento
asen	timiento
asen	vrbtrs tostar granos
asenti	afirmación
asenti	miento
asesi	asolar
asesi	exterminar
asesi	jaike nar
aseve	te
aspecto	dado
así	mono
ata	juugku
ata	tecriya eleocharis mu
atemorizarse	asustarse
att	ranu
atti	gowi
auricu	ar
ave	aglios at cheraare
ave	batata
ave	bochere
ave	briggera chondrohieex uncinatus
ave	bukkachu campylorhynchus
ave	cabello kwiikra
ave	carrao
ave	cero
ave	chicaloa
ave	cl joojo
ave	galápago
ave	garrapatica
ave	gatopardo
ave	guardacaminos
ave	gwajbri saarasakka
ave	hypnelus raficollis
ave	joochochi
ave	juuntu momotus moa
ave	juuntukcera bula ruficauda
ave	kaggakwa
ave	kaggwakwa
ave	kajpimpiro
ave	kochere
ave	krogkrero campephilas
ave	kukkwa chu chordeiles acutipennis
ave	kwaagkwari
ave	leptodon cayanensis
ave	lojkattodaggera
ave	mare
ave	nyctidromus al
ave	objetos largos gruuta
ave	ojoso
ave	owciowe
ave	paaligru ortalis garrala
ave	pai pai
ave	partir
ave	picar
ave	pierna barbalito
ave	pooñig
ave	ro aramides
ave	roj aramides cajanea
ave	romper creer cortejar moo
ave	rukku otus choliba
ave	squamma carpintero
ave	toontato
ave	ussuussu
ave	waagko
ave	wikkrasu aicrastur semitorquatus
ave	árboles covador
avispa	eléc bocachico
avispa	tábanc waasu koroda
awat	aturdidamente
awat	pasmadamente
aye	bejuquillo
aye	tizón
aye	verja
añoj	extenderse
añoj	imp dasa beporar
baarbaka	barbaca
baarbaka	malva
babilla	bagre
babilla	bal zoo bot kajbrikati
bar	badense
bar	nom
bas	véanse guras
baño	barba
bebidas	babilla
bee	añña
bee	biikra
bee	dichooro
bee	dichorittu
bee	intg dónde
bee	kwitta
bej	no
bejaco	kallo koroda gouania polygama
bejkaa	bienestar
bejkaa	prosperidad
bejkaa	waa
bejuco	bienpa ugwa
bejuco	cydista lilacina kccgwi cauchera
bejuco	maññakra desmoncus anthos
bejuco	tannikra baukrinia glabra
bembra	hígado
bes	como
bes	desaparecer
bes	desvanecer
bii	biikrananta
bii	biikunanta
bii	kragorí
bii	krananta
bii	ss kragori
bii	ukk tikkwi
biilu	mico
biiya	cuento
biiya	historia
biiya	no cuesta
biiya	nom narración
biiya	taara loc nadie
biiyan	dewe
biiyan	leopardus wiedii
biiyan	rdus pardalis
biiyan	tigrillo puma yagouaroundi
bijlad	ni cuánto
bila	mana
bila	saíino
billber	gi
binniki	binnikika kaaga
binniki	chinchilin
binniki	cómo amanecimos
binniki	cómo estás
biser	vri estar bien
bitt	puerco
bitta	waagra
bitta	weagra emnaka
bittakra	tres ma
bla	tapaculo
bla	és
blando	gruuke
blo	mosca real
bojnika	vrb
bol	beckara
bol	dajrekko
bol	meckara ampelocera tula
bollo	redondo
bot	blanca wakkcro hura crepitans
bot	ca maasicha
bot	horcón
bot	quito tujgabru
bot	rujgaka
bot	sonti
bot	st árbolñaakrini
bou	bledo
bou	polvillo
bra	brabrada
braa	bra trb
braa	braate brate vrb
braa	clasificador
braa	clasificados
braa	impar
braa	otro
braateriya	reunión
brakka	gr bra
bran	no sé cómo amaneceré
bre	bres
bree	kwa
bree	objetos grandes
bree	refiriéndose seres humanos
bree	riéx macizos
bree	yac animales grandes
breekriga	vrb
breekwa	vrb
breew	vrb yacer acostado
brii	ar
brii	clasificador
brii	clasificador ma macondo
brii	ef
brii	imp tcycemekenta
brii	kweckkwe
brii	macizo
brii	pl bol
brii	tos grandes cóncavos
brii	yori
brii	zf
briikanakke	estim nisa
brikki	detrás
brikkianna	no vrb
broo	brona
bujes	carauta
bukka	yerno
bukkra	asog
bukkra	buukrajooni
bukkra	joonawa
bukkra	kaapato
bukkra	raasonti
bukkra	rakkwata
bukkra	uttu
bun	an bien consumible jaru
buti	yaya
butt	persuadir
butt	recomendar
butt	vr aconsejar
butte	pelar
buu	rari
buul	ette butteriya
buul	nc pensamiento tradición
buurama	cuando quiera
buurama	nom buw riñón
buurama	siempre
cabalgar	caballete
cacique	pcenarikraa
cada	canto
cai	makwati
cai	sog
cai	uma
caja	nea
cal	ceiba roja
cal	cor fragmentarse
cal	eros
cala	biiyu
cala	calabacito
cala	ciertas frutas
cala	guartinaja
cala	nomc kweeru
cala	owerisw canast cho
cala	tivabl bazos
calabazo	bonga majagua
caldo	camino ruuña
cami	nan erguidos
cami	objetos largos naajgriga
can	aguas explayas
cangrejo	canilla
cangrejo	cañón
canti	bre dad
canti	cón dad
car	in thaginensis
car	nnensis
carac	suero
caracte	ekkeda
caracte	guiar
caracte	kolla
caracte	nulekwa gota btrs ncaminar
cari	batará
cariaco	avekrcc bot mibis caye
carní	voro conepatus semistriatas
cases	num esta dos
cases	objetos
casi	dtr num todo
casi	todos
castiga	fresco
castigo	cenizo
catutikkwi	iigkri
cau	chirrío
cau	coquetear
cau	provocar
cau	retar
cer	ant cano
cera	cascabel
ceram	al bycidae
cerca	hamaca
cervi	mazama
cerámi	cc cos
chaa	cómo
chaa	qué
chachi	chi zoo bot
chiicho	chicho
chiicho	chimila
chiicho	chiquita
chiiso	chiso
chiiso	chiva
chiiso	venado
chivato	cha bot zoc
cho	chiimila
cho	nom rida
chorotto	ardita
chuj	monstruo caníbal delas historias
cica	didae
cier	males
ciertos	bres
ciertos	pe mino
cinta	no vrb
cionar	aparatos
cior	cambiarla
cior	convertir
cié	tiya
cla	junco
clarida	ditis cóncavos briiteyeemekenta
clasi	kraakweeri
clasi	macizo
clasi	pequeño
clasi	po grande
clasi	rca grande
clasi	és ficar
clasifica	pequeño
clavícu	redondos wa
cls	kwa clasif cls alos
cobertura	cuero mesa cabelludo
cobertura	árbolmanta
col	ciertos animales arbóreos
col	gado
cola	auxiliar
cola	rar
cole	hter
cole	sguardo issa oristunna
collin	sit
color	bledo
color	catabre
color	ruunta runta
com	br pletitud
com	objetos ung planos
com	tiva pletitud
como	alacranes
como	ciempiés
como	grillos
como	tiigruti mantis
compartir	dividir
completamente	conduci jara
completamente	owi
completi	plantas
completi	tud
comporta	candeli miento aate
comporta	caney
comprome	terse maritalmente
comu	nales
confund	concha
confund	congo
conoc	verano
cons	chotiws
conser	cera
conserva	mental
consistencia	oda
constela	iones
contar	copey wiiyakago
contener	prunnimata
convisos	kanne kanne
cor	goler descuartizar animales corag
cor	macanear
cor	rié tar selva
corporal	kwa clasificador
correr	costoso wawa
cosecha	animal kiirikiiriwa
cotia	hear palabra
cour	baril
cquiv	mojarra amarilla
cquiv	praata
cre	lloro
criatu	cé
crío	ropa waggajiita
cua	tre vrbint tem trabajar
cuc	halla tropezar
cucarrón	gaapu
cucarrón	kcesa kosa
cue	kaaraare
cuen	an fincas
cuen	bosques
cuen	cultivos
cuer	liligowi
cuer	nudadas
cuer	objetos
cuerpo	angosto
cuerpo	eirregular liikwecri
cuerpo	keera cla
cuerpo	largo
cuerpo	ma
cuerpo	pequeño briitoye
cuerpo	rabia
cuerpo	rudeza
cuerpo	suumisu furia
cuerpo	ti clasificador
cuerpo	tii clasificador
cul	guerra
culi	calabazos
culi	cubiertos
culi	dos como ollas
culi	os
culi	pocillos
culti	ce vrbtrs bujm estrujar
culti	kkiitikk vadas
cumbrera	curiosid arq
cumpli	naja
curcu	palizadas
curcu	veranillo
cwagowi	pagar
cyclocar	carmicera
cyclocar	cascabef
cyclocar	jooweju
cyclocar	pum ney jukka redonda
cás	éruto
cómo	relampagucar enla lejanía
cón	sl cavo progkri
daj	nariz
dakka	infección
dakka	pus
dappi	generalmente
dappi	pr saltar
debe	ellos ya nel llegaron
deca	okko na bint ntrar
decan	timplora
dedo	illo
dedo	kokkwa
dedo	kokkwa akkagala
dedo	kokkwa maapren ññari
dedo	piper ambellatam al jaabreraasekra
dee	manteca
dee	mazamorra
dee	panela
def	quinina
def	época laqueza
dejar	estar jissanckaa
dejar	moo
dejar	mooye
del	bittalorakccra
del	camajón sterculia apetala
del	cañaguate
del	dukkwakikkra
del	esparcir achiote
del	gaggwrakikkra
del	gaggwratowa
del	guasale
del	hacha
del	iro
del	jaakratoro
del	joññokwakra
del	kattukwadaggera
del	kon dedo anular
del	krooei
del	kuwimanta
del	mismo sexo
del	mundo humano
del	muru isa ita
del	numirintala
del	parentesco
del	rio
del	siudakra phaseolus vulgaris
del	tabrakka
del	tío
del	tío conejo
del	uklra occipucio
del	verde akkwabot nisa
del	véanse guras
del	wiisawi
del	wissa
del	yaaula
del	yama duusa duusa
demacrado	lakati
demacrado	lakatika
deman	esfuerzo
den	sión
dendro	cida
dendro	danzar
deno	aj
deno	akkwa vit rar
deno	anda diciendo mentiras
deno	anda hablando
deno	ar carencia
deno	aún llegado
deno	discutir
deno	incinerar
deno	maíz verde
deno	no
deno	prender fuego nt rarse
deno	reñir
deno	suele vrb robar
deno	waachate
deno	werituukate
denotaque	sobre
departa	kiter martica
departa	luci puyo delaf martica
des	arc tino final
des	armadillo
des	armadillo moján
des	bajar cl ánimo
des	cansar
des	casacaminata zoo yuniriya
des	cé
des	dasypus novemcinctus
des	dentado dasypus novemcinctus
des	desdicha
des	desestimular
des	dicha
des	equív
des	especie uurudero
des	likicwa garrados
des	linwiyera
des	liter nuestra madre
des	llo moján
des	mes
des	mimar
des	mocida
des	nuestros
des	quiv
des	reposar
des	rula
des	sutti
des	vrb
des	weaniani
desa	significar
desbordar	desért agua
desfalle	cimiento
desfalle	cé
desgra	maíz
despla	akkwa
desplazarse	yu
desplazarse	yuu
deu	anamú
deu	bautizar
deu	cadillo
deu	iv waaseewi fotografiar
dichot	cadena
did	ardita
diente	dijukka
diferen	tes especies puma yagouaroundi
dig	cuchillo
dig	mazamorra
dih	encía
dih	muela
dii	koggo kwekkwe
diiy	aguas grandes
diiyo	nompr
diiyo	prést
diiyo	throps mannar
dij	diente
din	corazoncillo
din	raicilla
dina	sacudirse
dio	ette koroda
dis	esposa
dis	esposo
dis	paral
dista	cerbatana
distin	diferenciarse
distin	guirse
doler	obje wec
domes	cryp tica
domes	ponche
domes	simón
domes	sut ciert suusu
domesti	coclada
domés	pato
domés	rada
domést	azabache
domést	moteno
domést	negro
domésti	acuartelar
doo	malo
doochito	diosito
doowe	dem escuchar
dor	lucero
dor	músculo gemelo na
dor	wa
dormi	espiga
dose	bledo blanco
dose	mono
dose	num co uno
dose	objetos
dose	principio montari menos
dose	ro
dose	sommo
dose	verdolaga
dujbranakaa	riwa
dujt	echar
dujt	tamarindo silvestre
dura	flor dekajkuusagra
durant	oír
duranteel	diggasa
duut	así pasé mi día
ebano	elev bot
ecena	kokkwa kwcerini
ecena	kokkwa kwecerini
ecena	kokkwa maññari
ecena	kokkwa sooweda
ecena	índice kokkwa akkagala
eegowaya	coclada
eekawi	alimentar
eekowaya	ponchera
eero	gallineta
efender	kisatuwi
ego	maltratar
egowi	odear
ejk	propio
ejme	vr allá
ejni	ai sangre
ekuna	moka ekuna piirogoye
ele	veckri
ello	tamarindo
embria	borrachera
embria	mencador
empk	aunq
empk	padre
enamo	ha rar
enamo	seducir
encogién	armadillo
engendrar	enjaulado
ennaka	chicharra
ennaka	nom contrapietra
enumerar	kwakwita
envidi	ref yettatuwi
equ	currucuchú
equir	figar criar niños
ere	chinchorro
erpiente	jiwectowaya grutta mastiodryas pleri
erythro	canto
erythro	kochere
erythro	lazo
erythro	us
escorpión	loopo
escorpión	paagwa
escu	lenta
escu	mia
esp	ensoñación
esp	santo
esp	sueño
espa	acá
espa	ciales
espa	iales
español	ette
espe	groonto
espe	gwragga
espe	miiwiti
espe	puerco
espe	rtuga kinosternon
espe	thag asustarse
espe	to
espe	todirostrum ni ad riceps
espe	wiña
especie	chicharrón
especie	roote
especiede	wiinti
est	desenterrar
esta	yaamenconiwaa
estac	agujeta
estac	sombecro
estado	makkratuuriwaa
estante	canastos
estante	rías
estar	acción
estar	achiote
estar	acorralar
estar	animales
estar	animales grandes
estar	animales que
estar	balanceándose
estar	bot firicnd
estar	dokka
estar	jcerikaa
estar	jissancka
estar	jissanckaa
estar	kejmeta
estar	mayor guuri
estar	mokri
estar	naakati
estar	naakatika
estar	objetos
estar	objetos largos brectakri
estar	objetos macizos
estar	objetos mo
estar	ocupa robo
estar	oenganchando
estar	om sooweda
estar	ri
estar	tc animales grandes
estar	ukka menor maññari
estar	yaka
estar	yanwa
estar	árboles
este	nea
este	suegro
ette	indios
ette	país
ette	región
ettesa	puerco
ewa	prést
excel	bruuruwakra phaseolus
excremento	ganta clasificador
expre	pa
expre	san
exten	ad desagradable
exten	graw dido
exten	pararse
exten	rtado
exten	sentado
exten	yacer
extensi	moció ookiyaalla
extensi	ookiyala
fabricar	fahar
fabricar	yaggriri
fami	bot hiaris
fami	espec lia apodidac
fami	idac
fami	ixodowdca
fami	licidac
fami	oso
fami	primo
famil	ripear
famili	dueños
famili	padres
familia	in psittacidac
famni	pato
famni	vidac
favor	pedir unyaanookwi
ferne	cé
ferne	gerlos
ferne	lia ves
figaraza	kaechuda
figur	bellota
figura	ardita
figura	bija
figura	caney
figura	kreex
figura	palma
fila	roor final jassasakreya
firiénd	ado ini
firiénd	dipputtuda
fissa	guardacaminos
fissa	huyentona
fissa	ramada
fles	contestar
flexi	nompl vrb prést yuca
flexible	bujmisa
flui	foco
fogo	andar
fogo	malambo
fron	zoo dosa
fruto	castilla waacha dukkruwa
fuego	priimub reventarse
fígurars	paletilla
gaabra	bonisa pceñu
gaabra	pecña
gaagawi	casarse
gaagawi	guindar
gaagri	estar colgado
gaagri	objetos
gaala	mofar
gaanage	pelear violentamente
gaaneriya	morada
gaapu	cigarrero
gaapu	ovejero
gaari	alto
gaari	gari goo adj vrb
gaari	grande
gaatu	sobrina
gaau	bocona
gaawa	gaiw vrb
gaawina	gwaaga nadar
gaggwawa	ad gatti
gaggwra	raicilla
gaira	galandria
gajbr	suegra
galli	gallinas
galli	nazo bactris major
galli	pavos
gallina	enano
gallina	kiironumida meleagris
galo	par sag sag
ganta	gen cls suf
garganta	garrapatero
gata	sobrino
gate	bracito
gec	waacha chorida
geco	pckkrutu sijbrida gonetodes albogularis
geco	zoo tod reptiljoogkowellu pckkrutu
gee	awaluitu
gee	cerdo verdadero
gee	miitu
gee	reesa ennaka
gee	saajino
gee	wuda
geen	tugranisa
general	vrb
geni	tales masculinos
giij	wiyettala
giip	alacrán
gite	españoles
gite	guerreros
glan	um
glo	zarza blanca
glo	zarza roja
goc	kora brinne
gotar	jaarowi
gotar	jazro
gouazou	krec bira
govazou	pisa
gra	animales
gra	objetos
gra	radio
gra	taaukul badora
gra	tensis
grabadora	jiilariu
grabadora	jiilariyu
grabadora	taarakakka
grabadora	waacha gracias wecsa kwiiri
grabadora	wecsa kwiiriche
gran	calderos
gran	cóncavos
gran	des felinos al olfatear
gran	ef
gran	huecos como calabazos
gran	les
gran	mico
gregarios	kwi clasificador
grisá	gabriira vilán pequeño
gru	mosa
gru	ms
grue	chicharrita
grugga	desviarse
grutta	respeto
grutta	seriedad
grutta	solemnidad
gruu	respeto
gruu	takakkwi
gruuchakkwi	adulto
gruuchakkwi	anciano
gruuchakkwi	señor
grí	entidades kuuke humanas
grí	num uno
gugga	abastecerse
gui	ensis
guien	difunto
gun	risu kraari
gun	yaau takke
gun	yaau takkesu
gun	yaawak yajgasu gruttari
gutta	gu amanecer
gutteriya	dl morada
guttita	imp
guurisu	ancianos
gwaa	ya
gwajgowanisa	no
gwajgowi	socolar
gwraa	piecito
gwrakkebru	chirrio
habitacio	calabazos
habla	eagasaleka
habla	enlengua indígena
habla	ensangrentado
hablar	pl
había	vrbtrs nada
hace	mee estar colgado balanceándose
hacer	waarigowi
hacerlo	bugre bugregowi
haci	pr kwrcewita
haj	nc bri
haj	raasog
haj	raasonti
haj	rakkwata
halarob	gos
halarob	melón
haleka	abuclito
haleka	cariño
haleka	peenarisu
ham	astr bre kikkradarinisa
har	noa jeta
har	seres humanos kutteycemekenta
hede	flexibles pigotaka
hede	hasta arrancar objetos largos
her	cé
her	ef
her	isa isa mosa
her	mano
her	nana
her	nano
her	oorisu
her	sentari
her	yere ere
hexa	magd sonus
hicador	sin vellosidades
hie	pundungo
hii	chivato
hilo	plantas
hincar	tootuttusu
his	luna
his	rias tradicionales
hnir	han waawaka
hnir	wauka
hoja	vegetal
hor	btrs rciar
hor	caminar imar gukkwa
hor	kitari
hor	ll ca btrs ejar
hor	mangle
hor	prést carnero
hor	ttiwa wi btrs rciar
hori	adentrar dera
hori	animales
hori	huecos pronti
hori	kroggoti
hori	recipientes tiñña
hori	waya owi tal sa
hormiga	diibri
hormiga	traquitraqui
hrni	troncharse
hue	balones
hue	comida cos uggutakri
hue	dejar
hue	nos cos como huevos
hue	significar
hue	tinajas
huma	animales
huma	antiguos
huma	armad dos
huma	os
huma	otros indigenas
huma	pa
huma	peniento indígena
humanoi	des
humi	kicwi pr abrillas
humsi	moowe lis
hydrochae	mana
hydrochae	saíno
icador	ancha
icador	ao carreteable
icador	jiibrekwari
icador	macana
icador	maciza
icador	rabo
icador	taakwanta
icador	tabla dera
ificador	brazo
iglorabribri	nom vástiga
ikwa	bejsumunnaa
imesivo	enana
imie	peón
imper	bonito
imper	ittikogratawa
imper	monse monsetewa
imper	nublado
imper	tarur montañoso
indetermi	años
indus	rob trial
indí	migkre wi tuwi chee
indí	sorghu nas
inferior	wettao
ingerir	tabaco
insec	tos
insecto	cocuyo
insul	frijol
inte	duerme dentro maca
inte	saaragate kissasa
inten	kwee cionalmente
inten	kwekkw cionalmente
interro	emb gativos
interro	negativos
interro	relativos
interro	stivos
inverte	brados como grillos
inverte	casaa racoles
inverte	langostas
irbol	maatukra inga panamensis
iritu	yuuwari
ita	krcemedi
itrik	tierra plana
ittakra	pecho
itti	borrachera
itti	desierto
itti	majagua
itti	ti ittibrajga
ittik	llegar
jaa	estante
jaa	num
jaa	takawa
jaa	zarzo
jaachoteru	achotero
jaakra	bocona
jaakra	cabeza
jaakra	impar
jaakra	krateu om calvo
jaakra	kratoro nom occipucio
jaakra	otro
jaakra	paakraputtu nom calvo
jaakra	plantas
jaakra	sardinita
jaame	venado
jaane	adj encima
jaane	sobre
jaawug	jabón
jabón	gooya
jabón	jo
jabón	job
jac	mtia sp
jachukwa	vrb
jannu	delasc kwane
jannu	llegaron rápido unos hombres
jaratuu	enfadar
jarta	añat kra
jatiki	desde
jatiki	hasta
jatta	al final
jatta	dos ma
jatta	kogg dukkra
jau	vi vrb
jeen	así soñó
jeen	pegar
jegayo	jiikati ahogarse
jennika	vrb
jii	we
jiika	apl st radio
jiika	cuántos hijos tienes oral
jiika	grabadora
jiika	transmisor
jiika	waacha too
jiika	ón taarakakha
jiilariy	noa jiicha
jiina	jiiwa vrb
jiinaka	salir
jissanekaa	joj vrb
jiya	avergonzarse
jiya	sentir pena
jiyakaa	vrb
jna	carreto
jojl	tigre
jonta	hueco
jonta	perforado
joo	estriado
joo	pero
joo	rugoso
joog	joogkowellu
joog	mico
joogko	erguir wella pekktrata
joogkowellu	espada
joogkowellu	lagartija
jooro	ef
jooro	erguido
jooro	estar
jooro	gruposde jo objetos colgados
jooro	impar
jooro	jooromujna num dos
jooro	otro
jooro	proteyeemekenta num cinco
jooro	pundungo
joorodz	ron
jooromaajna	ef
jooromaajna	num jo tres
joowariya	baño
jou	veranillo
joññokwa	pa
jukkrusa	dedo corazón
jukkrusa	konne dedo medio
jun	loorensu
jun	na
jun	tos
jun	uuyama
junco	juventud bot moción
jus	loorensu
jus	uuya
juu	kra
juu	loorensukra
juu	nunca
juu	uuyamakra rbita maxima
juumeriya	arrogero
juumeriya	arroyero
juumeriya	ronda
kaa	bint espirar
kaa	camisa
kaa	circula rakanta
kaa	clasificador
kaa	continentes
kaa	estar
kaa	hoja vegetal
kaa	ia
kaa	impar
kaa	limuttu
kaa	num
kaa	otro
kaa	paapelu
kaa	praata
kaa	ron
kaa	sangregado
kaa	sentirse
kaa	ser
kaa	ta
kaa	taanti nom
kaa	taauku
kaa	tabaco
kaa	tomar aliento
kaa	vrb
kaakri	uma mata
kaakri	uti
kaakri	uukri
kaakri	uumata
kaakri	uupe
kaakri	wuta
kaarataka	kaaratakkewa
kaarataka	rawa
kaata	salir
kaawa	cigarrón
kaawa	horqueta
kaawa	kissuguuri
kaawa	kreepog
kaawa	ookranta
kaawa	palo
kaawa	seññomonte
kaawa	trupillo
kaawuya	cabuya
kacabr	pedir
kacabr	solicitar it
kaj	arc braganisa
kaj	bri
kaj	casearia sp
kaj	crabri
kaj	dassi
kaj	gee
kaj	horqueta dekaj jeenoya
kaj	paagwa ittiya
kaj	raasog
kaj	raasonti
kaj	rakkwata
kaj	ssara
kajbri	bei
kajbri	kujbri
kajbri	opporo
kajbri	rokkrwa
kajbri	rokkwa
kajbri	sg
kajbri	sog
kajbri	ujbri
kajbri	uma
kajbri	waakwati
kajgwra	kuarupretto
kajgwra	nom novakra
kajgwra	paawa russw
kajgwra	patunisa ggwratikiwi
kajkuusagra	detierra
kajkwari	penca
kajnoo	romper monte
kajnoo	tirar
kajsantasantari	vara santa
kak	yuca
kakka	nubarrón
kakka	temporal
kakke	me gustaría
kakke	miiwiti mesa okowiyude
kakkewa	apodo
kan	awx
kan	mit reesaennaka
kan	saajino
kan	tapaculo
kan	tuuda
kannatu	ace bru
kanne	bejuco
kanne	bejuco tierra
kanne	iguana
kanta	no vrb
kassa	hoyador
kassa	hu kassa kassa nom
kassa	krawa
kassa	no diente canino
kassa	nu alanca
kassa	qu manta
kassa	sakkramanta
kassa	sontowa
katti	bitaciones
katti	calabazos
katti	clasificador
katti	falta completitud
katti	habitaciones
katti	habitaciones eq
katti	impar
katti	objetos
katti	otro
katto	calabazos
katto	habitaciones pa
kattu	decra
kattu	dl kwadeera
kattu	sooweda buurari
kattu	sooweda decra
kattu	sooweda deera
kattukwa	deera
kattukwa	keeko daggera
kattukwa	sooweda buurari
kattukwa	sooweda deera
kattulrwa	daggera
kattulrwa	kattulwadeera
kattulrwa	sooweda buurari
kawero	acagúero
kazw	bersattuda
kazw	pela pela becsattuda
keera	extenso
keera	no ancho
keert	que
keert	sólo hilaba algodón
kej	menos
kenne	gkrete
kenne	yumm keya
kii	no hables
kii	nokenta
kii	papaya
kii	simple
kiiri	animal desgraciado
kiirimakkra	co
kiitroga	pante
kisa	ces
kisa	continentes kaamujna objetos
kisa	dos
kisa	jetos anchos
kisa	redondos waamujna
kisa	vrb
kissu	kreepog
kissu	ookranta
kissu	rooro
kissu	suri
kiti	aceituno
kiti	ro
kkwi	vrb
kogg	manilla
kogh	loro
kogkowellu	lagartijas
kokke	despacio
koo	koo
koo	ma bru ennaka
koogra	cla sificador
koogra	familia
koogra	impar
koogra	lom koogramujna
koogra	otro
koogra	tronchar
koogra	vrb koograte
koom	moolakka
koom	moolakku
koom	rela wa
koom	ruchette
koona	pargatera
kopiyo	loba
kraa	adj kran mazorca grande
kraa	clasificador
kraa	ef
kraa	impar
kraa	no perico
kraa	orar
kraa	tra
kraar	liga
kraari	vr nom
kraart	vrb
kraas	cacao
kraas	num no dos
kraggwika	nu vrb
kraj	contrastantes
kranne	clasificados
kranne	fila
kranne	impar
kranne	jtro
kranne	neteyeemekenta jum nco
kranne	sin ramas
kraña	krañagoyc
kraña	nakkan gowi
kree	ef
kree	nudillos
kree	roun dillas
kree	tobillos
kree	vf nom an articulación
kreekakkwi	nom
kreekenta	voluntarioso
kreey	covador
kregkrero	carpinteros
krejkaa	sentirse respaldado
krejkakwa	apoyar
krejkakwa	respaldar
kro	cacique
kroo	toosukroori
kroo	wi
kroori	aya
kroori	kroorimooya
kroori	kroorimooyaka
kroori	toosukroori
kroori	toosukroorí
kroori	waya
kroorimoo	osukroori
kuj	rocodylus sp
kun	morar
kun	naagri vrbint provenir
kun	que
kun	residir
kunzaka	kuusakagatta
kuu	compa
kuu	compadre
kuu	matapiojos
kuu	sakagaabra
kuu	sakagatta
kuukara	mah cha
kuukara	riirituu
kuuti	gow
kwaa	dom kwaati
kwaa	ef
kwaa	impar
kwaa	kwaamujnz
kwaa	kwagw kwaateyeemekenta vrb
kwaa	objetos planos
kwaa	otro
kwaa	seres
kwaariyoriri	cuerpo plano
kwaj	macondo
kwajbr	vrb
kwajgri	kwan vrb
kwakwi	no vrb
kwanna	no vrb
kwanna	waaw gee
kwee	gusano
kwee	veranito
kweg	no envasar
kwekkweri	grande
kwere	estado rini
kwere	kokkwa sooweda
kwere	kokkwa ta
kwiika	tío
kwitta	cavar
kwitta	éa vrbtrs
kwraa	kwiiwita gu vrb
kwrecwi	kri
kwree	vri vrb
kwreekwa	ka vrb
kwrii	alebrestarse
laakwi	murciégalo
laaniki	afuera
laaniki	exterior
laawi	murciégalo
labios	lagaña
lado	gwreedesbar seva gr
ladodel	jartiniki
ladu	maíz cuba
laggri	demorarse
laggri	tardarse
laje	gusano
lakkra	espinilla
lamen	santiago
lanta	ajnikra
lanta	armmnikra
lanta	bruttukolkra
lanta	majkra ipoatatas
lanta	muntimuntirakra
lanta	wecriya ittiya
lanta	wecriya ittiya morinda royoc
lanta	yaasi kenneriya momordica charantia
lanta	yummekra lagenaria ta
lar	cé tii
lar	desmigajar
lar	grillo cebollero
lar	im gos
lar	oblongos
lar	tes gos
lar	tiinti nitti
lar	tiirin gos
lar	tiranta
las	esdelosárboles
las	llegar hasta
lati	cone folio
lem	sia intege niscatus
lengua	habla
lengua	idioma
lengua	palabra
leopar	dus pardalis
leopar	leopardus wiedii
lesvá	brajgawita
lfligoti	alacrá desmenuzar
lia	añ
lia	but ratón heteromys anomalus
lia	currucuchú
lia	mc
lia	pigurars bukkachu
lia	zorro chucho
liber	refiri pepo
ligkwa	num adj tres
ligkwa	refiri grumoso
lii	badense objetos desgarrados
lii	cé
lii	impar
lii	tro
lii	urers
lijmanta	vrb
lil	burros
lil	caballete
lil	estante
lil	zarso
lili	vrb
limettu	liligowi nom vrb
limpiacasas	reptil zoo xim
lin	mosca
linga	guarumera
linga	guinea moo
linga	mowi bot paar guartinaja
lis	azulosas tretiosciatus
lis	blancas
liter	compras
litto	contrapietra
litto	corneta
lkati	lantaka vrb
llama	priimubira
llevar	gattibri
llo	breenso brenso
llo	isa isa
llo	paayani
llo	tuugwa rugwa
llu	as aproximadamente entre junio
llu	julio
llu	veranillo
loj	daggera
loj	waachikloo
looren	ra
looren	uuyamakra
looren	vg sukra
loorensu	lugga nom nom
los	baile
los	barbulito fa blanco
los	bonguita ceiba pentandra
los	bres cuyos
los	buuruganta
los	buññukwi
los	carretico aspidosperma polyneuron
los	conju pokkre
los	cucaracha
los	delgada
los	ef
los	guayacancito bulnesia arborea
los	ikkadikra
los	intestinos
los	jukkatutikkwi
los	juventud
los	kajwaruunisa
los	kanti
los	keera
los	palma ble
los	pequeño tamaño
los	perrito
los	plantas
los	rostro
los	rujgakanta
los	sdel mundo
los	seragkwa
los	snovemcincius
los	sombra no humana
los	tajdikra
los	ternura
los	tign nom thera mafufo
los	tobillo
los	toro
los	tuutawa
los	vg biladuggra cóccix
los	vw
los	wipproro
los	yoorotiirini
luciér	casarse
luciér	guindar
lugkre	escobilla blanca
lum	handroanthus billbergis
lun	guartinaja
maa	allá viven tus padres
maa	ca remos más maiz
maa	ci
maa	ei
maa	garakra mpl municaca
maa	lapa
maa	más
maa	papose
maa	ñaawikra
maaj	extingu gatagawi
maaj	gatagawi
maaj	maajgawi
maaj	maajgawita
maaj	tapaculo
maajga	frecuentar
maajga	saler
maajgata	fecar
maana	ad vrb
maana	agua que asa
maanritii	abejajormis
maarigowi	morroc vrb
maatageri	siempre
maawi	agua cristalizada
maaza	aromo
maaza	carpinterito
maaza	guayacán chaparro
macabro	ma makradx
macj	figur
mad	saco
mad	varón
made	ciertas frutas
madu	vencer
magda	buurukakkratari
magda	lena
magda	lena aarajakkratari
magda	morrocoyo
magda	muula
magdalena	diitake kweerini
magdalena	diitake sal wakkani
maintoorc	caliche
maiz	ladu
maiz	lampu
maj	gu nakuusagranisa
maja	cejas anat cercar ukkrakikkrasagra
majkra	pl magkre batata pron
majnakun	wa
malifor	pl mara passif
mami	vrb
mamife	corzuela
mamife	mazama
mamife	venado
mamo	lla
mamí	aki
mamí	akkrakoro
mamí	dentado cabassous centralis
mamí	fero desdentado cabassous centralis
mamí	lakkrakoro chorida
mamí	nón
mamí	ro desdentado dasypas novemcinctus
man	vrb golero
mano	tear
mar	appal cha hoy
mar	pialis
mara	maní
mari	si posas
marital	nte
marsupia	lis
matriz	útero
matta	intg nom cuál congo
mayo	peer res
mayoría	arbustos jaa
mayoría	palmas
mayoría	plantas cultivadas
maíz	carreto
maño	termitero
mañña	konne risu
maññari	borde prést
mchoroto	ardilla
meere	minagkreyane weekagaya
meere	no nos enfermado
meeta	medicina
meewi	gatoco vrb
melano	dryocopus lineatus
melano	leucos
melanoleu	carracachero
melera	peññukragga
men	naaregowiti
men	roosau
menos	cercas wi ear
menos	gaari gari
menos	jonsonaanta manta
menos	krecre augurar krere
menos	krecro krero
menos	krokkro krokkro
menos	kwekkweri
menos	maari maarl
menos	wiima wimari
mente	figar yuuguwi
mente	gwajgawi
mente	myias gwajgo
mente	yuuti
menti	cé
menti	padre delos yakkwa ette
mes	bolloblanco
mes	kaktk bollo
mesem	nibiscayennensis
mesembri	cada
mesembri	nibis cayennensis
mesembri	phimosus infuscatus
mexi	cana
mexi	inón
mexi	oso caballo
mico	biiku
mico	joo
mifero	querer
mii	das equis witi
mii	sagkwa diitake
miisiri	saíno
mil	trabajo
minane	no regresé rápidamente
minniki	chinchilín
mno	blanco
mno	cha waacha bajmipita
mno	tres pics
mom	bin
mom	enamorado
mom	fruto demoorowa
mom	in
mono	aret bot arará
montear	cé
moo	ascgurar
moo	rekkawa alouatia seniculus
moomat	mooka prime vrb
moota	vrb
moowa	in moore ittiya
mooña	nom
mor	beekara gutteekaya
mor	ticmpo
more	caluroso
mowíi	jobo
moxri	vrb
mueble	jaz
mul	icidad
multi	bre plicidad
multi	cllos dijeron
multi	ene plicidad
mumirin	esclarec tala
mur	ciélagos
muu	apiadarse
muu	condolerse
muu	encariñarse
myi	saare tubercal cls
más	yauti
más	yawati
másomenos	ervida kiiwo
másomenos	loba
naa	nura naarira
naa	rira
naaj	acuta mata
naajga	acompañando kraachago
naajga	yeekwilo tiki
naajgriga	mozo
naajmata	naanta na vrb
naakarika	erguirse
naakiwa	cardón
naantimal	vrb
nae	cha waacha chorida toro
nae	nom waagri español
nakasuri	adv raíz
nakasuri	frecuentemente
nannaa	ñoo divisar
nappi	avanzara saltos
nappi	generalmente
narra	ciones
narracio	imina weewi lun aqu
natura	fiera
natura	za
nau	dera
nau	scabundo
nega	nada te ocurrirá
nega	tivamente
negwa	adv su
nene	conjunción coordinativa
neta	equiw
neya	adv arri enseguida
neya	inmediatamente
nfna	dem nijya ese
nimal	bitto dittake
nimal	poonchi
nimal	wiisatu hydrochoerus hydrochaeris
nina	dem pasad aquel
nine	plaga
niwai	wentak robar
niñ	et soñar
niñ	ñar
noh	coco
noh	compadrito
noh	ha nompl plea cocotero
noh	koona uita
noh	trs ger algodón
noke	taauku hablarburdamente
nokenta	pooti adv nom
nokentawen	cuándo vuelves
nombre	papose
nombri	cé
non	cosecha
normas	hermana
normas	prima
noso	os vivimos
nosotros	papayo
nostal	cé
nostal	elancolía
nowe	us burros
nowera	acaccer
nowera	imp pron acontecer
nowera	ocurrit
nowera	prender
nsukwekkwe	leopardus pardalis leopardus wiedii
nsukwekkwe	tigrillo
nuevo	caria taina
nuke	blando
num	cinco
num	dos
num	ef
num	num cinco
num	plantas
num	refiriéndose aextensiones
num	tres
nyaaya	buche
nyattagra	tizón
nyuukr	bai aro alegt nyottuwagga
nyuukr	bálsamo
nyuukr	estrella
nyuukr	luceros
obj	vrb hilar algodón
obje	bajagua
obje	dolor mu wecriya
obje	gavilán
obje	gavilán grande
obje	macizos
obje	vrb tos grandes
objeto	eucalipto
objetos	anchos
objetos	continentes
objetos	cóncavos
objetos	redondos
objetos	refiriéndose
objetos	vi grandes
objetos	vri esféricos
oblon	cé tiimujna
oblon	solera
obs	escampar
ocu	pue
ocurren	uutakri
odo	relativa ratissima
offi	cinarum
offi	kitya
offici	rem
okkra	pobre
okkra	querido
olor	muyag
oogoniri	cocido al humo
oogoniri	oosok ad noa ahumado
ookwa	resistir
ookwa	tener aguante
oosok	caramba
ooyo	riga
oracio	ol nes
ore	achiotero
ore	kraarikra
ore	kroosu lana
ore	llana
ore	na
orga	siura
ori	bordón
orina	grillo
orina	tigre thera sen seu
orina	uñita
osentimientode	waabrakaariwz
osobriri	chupado
otro	cé
otro	objetos tijlaka largos
otro	oblongos
ounol	mento rato
ounol	pausa
owe	cuántos hijos tienes
owe	ruku mpli st puerco
owesu	vri afec
owi	agrupar
owi	paujil
owi	piar
paa	pacha
paa	yani
paagwa	mocturmaloppo itti
paala	paalinar
paala	peer nar
paala	pigas paalinare
paala	puulinare
paala	tussakrawakra
paala	ñame
paalanakra	ñame
paali	ñaabru nom rolera roja
paaligru	guacharaca
paapa	nomb soowesu gruttari kraari
paapa	paapasito lido
paapa	paapasu gruttari
paapa	soowesu
paapas	muñeco
paapelu	papel motru neda
paapelu	papeles
paato	noi ra mi hee
paatu	galandria
paatu	guinco
paatu	guineo
pad	cas peces
pad	ef
pad	no nadar
padre	ci lia paapasu gruttarj
pag	guacharaca
pag	plag pajarilla
paguw	pestilente
pal	mas
palma	allineta
palma	jukka ennaka sabal
palma	jukka waacha elacis guineensis
palma	león
paloma	guarumo
pana	congo
par	rawa
parti	cular
parti	wikaagra yowi
partici	ovejo
particu	pobre
particu	pobrecito
particu	querido
partir	marcharse
pasad	dem plead aquellos
past	diversos
past	varios
pasto	gwrakketu
pati	tubé lla
pecna	jeto mu siigkri pukkru
pecna	peenarittukra
pecna	riiti pukkr
pecu	liar
pecu	premeditada
pedar	jaakwec
pee	gallina rizada
pee	gu logko
pee	rizada
peer	abuelo
peer	anciano
peeña	mosca real
peli	bei groteente laatee
pen	arroyo grande
pequeño	no tamaño
per	animales gaggwamata
per	arriba
per	asado ib ojni kwaana
per	asar arriera
per	bes noctar
per	colarse
per	lel plural
per	maluco
per	padre ette
per	periquito
per	plural
per	si hubiera habido comida
per	specialmente europeos
per	va sonas
per	wiiyal sonas
perci	ceiba roja
perci	tolúa
percibi	vrb
perpendicular	burn niente norte
perro	krutikkwi
pers	cls relati
perso	espabilarse
perso	spantar
person	conun calabazos
personas	kragga plural
personas	kwi plural
perspi	cillata
pez	anímica kossoriya
pez	bajagua
pez	bay
pez	bocona
pez	botifo
pez	chancado
pez	jummesu
pez	kceru
pez	laa
pez	luggali
pez	nyctibius griseus boni bodoque
peññukragga	meleras
phas	deca
phas	isa isa
phas	matodea
phas	tie kuurupretto
picle	guanábana castilla
pigara	danta
pigera	ya
pigoress	tortera
pigueazos	guicharo
pigueazos	guácharo
pigueazos	ka
pigura	oy
pigura	zx
pippidal	golondrina
pis	basura acumulada desisti yagka
pis	lagartija
pitro	luci goye masajcar
pitro	repasar
pittiennaka	chupaflor
pittiennaka	espa nompl vendi chupaflor
piuju	pavo
pla	des
pla	ef
pla	hum nos
pla	leña nos
pla	nos
plan	ga tas kraggwika
plan	rática eleocharis mutata
planta	acostado bixa os
planta	amarilla lugkre
planta	ammuna
planta	arej taautadi capparis verrucosa
planta	aristolochi ma tagaar contrapatoco
planta	barbaca
planta	batamb barbaco
planta	blanco sommo
planta	bruuru wa
planta	cañandonga
planta	cereus hexagonas
planta	cimarrón nyoodakra capsicum baccatum
planta	espinoso blccu
planta	jojligkra sesamum alg indicam
planta	juugku
planta	koobru ittiya capparis
planta	macho moogowakra saawiri
planta	majagua ittu
planta	marrón kuuwiyoorokra
planta	mookara sommo amaus dubius
planta	naakiwa
planta	naawika acanthocedelgad reus tetragonus
planta	paaradakraa masa acuminata
planta	pazradakraa musa inata
planta	pecyogkra
planta	ryookra capsicam amara
planta	semilla
planta	taagkrawakra casar jenus cajan
planta	taagkrawatop nisa
planta	takkwa ittiya rawvolfía
planta	tecriya eleocharis mupeque tata
planta	tiiru chakra
planta	waajau serna reticulata
planta	waara
planta	waara rujga
planta	yaanten plantago major
planta	yoorogra gossypium
plantas	wagga plural
plu	temple illa
plu	voluntad
plá	jukket tano musa acuminata
plátamo	rooro musa
plé	rebuscar
poco	mente yokowinte
pol	cascabel
poly	uijao gama
pooro	niya
pooro	yannaka
porel	wattiniki hoy
pospone	asu
pospone	concavidad
pospone	lita
pospone	motocicleta
praata	guinco
pre	culo
pre	flexibles parda
pre	joowagante samana bej moye
pre	llantén
pre	lojkartod lisaso
pre	montaña vieja
pre	rs querer
pre	ya me ooyokra bañé
preci	ta
precisa	mente vivía así
precisa	nukiwara
prera	que
preten	amotoso
preten	sidón
pretiosa	num taama br dos
pri	alowatta seniculus
pri	mate alouatta seniculus
pri	mate cebus albifrons cesarae
pri	simón
prigata	vrb
priimub	nos cacral suelo
pro	guurt
pro	itual kwiila
pro	kwitwita
pro	lukkta gruttari
pro	nombres
pro	res
progotiwa	vrb
pronombres	gativos
pronombres	gatizos
pronombres	gusa males
pronombres	interrogativos
pronombres	lwara ammarawe taukara inmiti
pronombres	mana bejsaara
pronombres	managkre kike
pronombres	monteador
pronombres	negativos
pronombres	no duermo bien
pronombres	re
pronombres	relativos
pronombres	terrogativos
pronombres	vos
proovra	yuca
prop	bijao
pros	ridad
prospe	cé
prospe	lad
prote	sompc zoo cucarachero
prote	upervisar
pré	callejón
pré	camino explayado
pré	hija
prés	cor nom dedo índice
prés	konnew kokkwa kweerini
prés	nom dedo medio
prés	num espe dos
prési	nota prést
prést	ad parta olor cobrizo
prést	cocu piu
prést	nim
prést	pavo
prést	pixju maría palitos
prést	pulga
puda	nauscabundo
puda	pestilentc
pue	ciudades
pue	dtr blos
pue	monteador
pul	unag monata
pundungo	tamandúa
pur	urea
purpa	que waencha dina ire
purpa	uezo
purpuras	cens purpurascens
purpuras	nba
purpuras	si pls iguana
puta	mayor
puta	señor
qua	al drivalvis
quadrival	bot
que	mos acá
que	pavo
que	pisco
qui	vrb
raajga	ra apartar
raaka	vaca
raara	encrvarse
raara	enfadarse
raara	irritarsc
raasog	japan raasont
raasog	ratón
rajbri	bujío
rajbri	dormilón descuidado
rajcuwi	rabiar
rakka	coordi gowi
rakkra	hartarse
rakkwata	prést
ralisadapar	rést
rampkas	guásimo
rap	nc tados
rastro	arará macho
rastro	atardecerse
rastro	bled amar moogowakra saawiri
rastro	bled mujer
ratikkw	kogkra
rawatuttu	mana
rayado	orlili apga denadas
rbol	aantiti coccoloba obovata
rbol	ikkokra acacia glomerosa
rbol	jecrati gyrocarpus americanas
rbol	likkragra combretum fruticosum
rbol	moorokra spondias
rbol	nyooroti myroxylon balsamum
rde	kraa
rde	kraa chorida
rea	prunnimata
reci	dosc ale piente
reci	nte
reci	objetos largos
reci	piente
reci	sientes taakwateycemekenta
reci	tos man animales
recipien	calderos
reco	maíz rrido
reco	num koo uno
reesa	res
refe	nom caney
refe	palma africana
refe	palma amarga
refi	adassi mpr ést bogotá
refi	animales
refi	animales fon grandes
refi	aparatos
refi	ata jompr rést bogotá
refi	boa
refi	flexibles
refi	iéndose eventos extraordinarios
refi	macizos
refi	objetos
refi	objetos largos
refi	objetos macizos
refi	oblongos liteyeemekenta
refi	plantas
refi	puerco
refi	quiv buwada
refi	stos macizos
refi	uiv
refirién	an máso
refirién	animales
refirién	animales grandes
refirién	cañaguate
refirién	cualidades
refirién	flexibles wiimari
refirién	imales
refirién	impl rést caballo
refirién	obgwaagu jetos
refirién	objetos
refirién	plata
refirién	rayanta im srillo
refirién	tigre
refiriéndose	animales
refiriéndose	coeedor pioos
refiriéndose	cucaracho
refiriéndose	matapiojos
refiriéndose	objetos agredi largos naakatimata
refirión	bagre
rela	ente corto
rela	machetes
rela	tivamente esféricos
relativamente	lejano
repre	gru sentativo
reptil	gwaakwipolychrus marmoratus
reptil	jobón
reptil	kallo
reptil	liimuttu
reptil	liimuttutu cnemiloma dophorus lemniscatus
reptil	lobo
reptil	waana
res	guardo
reser	soino
residen	ón
respetar	equív
respetar	honrar
respetar	reverenciar
resquebra	li jado
resya	sem derribar
rey	aabrintalakkra sarcoramplus papa
rey	waggabrilakkra
rey	waggabrinta
rey	waggabrintalakkra sarcoramphus papa
ribri	burro
ribri	cabios
riggiloa	vrb
rii	risu
rikati	canoa
rilpiés	binno
rilpiés	kajmimiro
rilpiés	minno
rinart	picar
rmuni	esk caca genipa americana
robin	mi
robin	zorro chucho
roo	vrb
rre	bochere
rre	ecro
rre	kochere
rrenc	presrode tar
rse	raarakaa
rse	tuttudakaa
ruj	detabacojonnawa
ruj	gatopardo
ruj	kaarakanta
rukke	vrb
rukkwaya	rakra
ruku	refregar
ruku	restregar
rutina	pro
ruto	dukkruwa
rve	chokkrikwa
rve	sokkrikwa todiros rum cinereum
rve	todirostrum nigriceps pa chupa
saa	adv tana fuerte
saa	dormilón taarasakka
saa	firme
saa	ka
saa	médic takka dico
saa	nooka
saa	ojalá que duermas bien
saa	saggala
saagatta	sesos
saajino	mana
saajino	saíno
saaka	clasificador
saaka	estrecho
saaka	impar
saaka	kamujna um dos
saaka	kari dj angosto
saaka	kateyeemekenta num cinco
saaka	objetos atados ocmpacados
saaka	otro
saale	salir
saanikaa	excl vrb
sabo	sy salados
sabor	angosto sazka chograwx
sabor	cttekragga
sabor	ennegragga
sagg	animales
sakabri	siigkri
sakabri	tigre
sakagaabra	cera
sakagatta	cera
sakakakkra	pabellón auricular
sakkwi	apisonar
sal	adi augurar
sala	eldi completamente
sala	enteramente
san	guacamaya bandera
sanctae	rartae
sanctae	sartae
sanctae	thecadact ylus rapicauda
sanctae	thecadactylus rapicauda
sangre	consecuentemente
sanos	arder
sapo	coronco zoo convertir
sapo	corral
sar	mana
sar	miiansu
sar	miisi
sar	misa
sar	muiisi
sar	nún felissilvestris catas
sas	moler
sassada	conjunción consecutiva
scorpioi	des
sculo	figar masculinos no
scvrpioi	biwiti
scvrpioi	ligkowa
scvrpioi	maaku
scvrpioi	sagirwa diitake
sectos	maría palitos
see	aquí conciuye su historia
see	celia
see	como ramas delos árboles
see	delgados
see	ofrecer
see	sense dar
seeya	picotear
segunc	centro
segunc	futuro
segunc	medio
segunc	mitad
segunda	parte diccionario españ olette
semi	secas
sen	dejar
sen	ss
sen	tidos
sentakri	coriar nompli sigsinna prést
sentakri	divis seññ
senti	niento derakkrakaariwa
sentimiento	botifo tiibru
sentimientode	iiprikaariwaa
sentir	afrecho
sentir	africana
sentir	jecri
sentir	jeerikaa
sentir	jissa
sentir	jissakaa
sentir	krecya krecyakaa
sentir	mekaa
sentir	wajkaa
sentir	wee
sentirse	joorikaa
sentirse	krecyakaa
sentirse	man malambo
sep	atun
sep	tenatum
seppa	barbul
seppa	pacopaco
septe	kitt natum
ser	ente mastigodryas pleei
ser	ij
ser	jottokaa
ser	ku clasificador
ser	kwi clasificador
ser	pagar
ser	tj
ser	wii
ser	wiina
serpiemte	berrendo
serpiente	aaratakkewa
serpiente	bollon bobo
serpiente	carpinterito
serpiente	jilwectowaya liophis
serpiente	mapaná bothrops asper
servi	cé
servi	recipientes
sessero	cigarrillo
sessero	grillo
sestar	unas grande brecbrekwa
seña	pa
señño	onte
sicera	alimentos
sicera	palom ria
sificador	cabezajattakra
sificador	ja upo
sificador	jaakra
sificador	vía actea
sigsinna	durar
sigsinna	rootc
siig	kei panthera onca
siipurt	uñita
sij	ga bei coragyps atratus
sil	esterilla
sil	junco
silves	nidoscolus urens
silves	tre malachra alceifolia
sinextre	mapaná
sinextre	planta mapaná
singu	estoy llorando
singu	isauka guuri
sipho	puguta naptera
siphonap	ittilke tera
situación	bejtuuriwaa
ski	arriba
sobre	turales
sobresaliente	igura dooro
sompe	cucaracha
son	dl tikwari
sonic	burra germinar
sonido	aromo
sonido	bejuquillo
sonnt	enfadado
sonnt	irritado
sonnt	soññoti enojado
sont	muela dij aggra
sookito	nom
soorpio	ón
soosokw	suero
sooweda	ad deera
sor	cla presao animosidad
sor	ct cantar
sor	dela presa
sor	perf presa
sor	trinar
sor	vrb
sowelu	go
spi	bollor mosus
squa	al mosa
ssificador	rujgaka
ssificador	thurium crassinerviun
ssistencia	gatta clasificador
stanle	yanus
stigkr	oso caballo
stri	idae
sudes	ino final
suf	corta nompl dente guarumera
suf	for yuu dir vrb
suf	imp sufij sero lucir
sufi	chupado
sugganiri	alimento cocido
sugganiri	br adj mucha cocido
sukkwiga	vrb
sunari	valiente
sunna	rikaariwaa
super	hija
sur	mana
suunsura	ngo
suwt	ruña
suwt	soolanu
taag	que
taakwa	clasificados
taakwsa	jagúey
taalrwa	otro
taalrwa	wa
taapa	bagaña
taara	españo
taara	gallineta
taara	guachiclo
taautad	desgraciado
taautad	miserable
taautad	perverso
taba	dae
taba	nidae
taca	nív
takri	saltar hacia arriba
takwaj	sowi
tamañt	me vrb
tar	azul
tarar	hach kkegowiti
teaguku	tabaco
teco	mapurito
teekri	agua reposada
teekri	aguas profundas
teekri	explayada
teekri	jagúey
teeya	tookr tocar maraca
tel	animales
telas	num
telefo	solicitar
tem	acabarse
tem	agotarse
tenerla	mekaa
ter	cé
ter	lamentar
ter	llorar
ter	quejarse
tetrago	sobrina
tewera	girando
tewera	pron dando vueltas
tewera	rotando
tex	plástico
tia	tityw
tia	ñiu
tie	rra
tii	teewitakri
tiibr	nom ardit seban
tiiyo	nom
tim	camino explayado
tim	jesucristo
tipod	babilla
tipod	waakwati
tnsecto	palu wakkwa
tomasitc	araña
tootebri	nom
tootutt	no alm
tortuga	biikwiti
tortuga	biiwiti
tortuga	groontu
total	mente
totear	reventar desde adentro
totun	venezolana
tra	adv bajo
tra	ati
tra	dicionales
tra	pa dicionales
tra	tato
tra	urabaja
tra	yecto
traba	uiv
tradi	ales
tradi	arhuacos
tradi	cionales
tradi	ionales
tradicio	juk nales
tradicio	rales
tran	tintinit
transpor	morrocoyo
tronco	paajni
tti	cé
tubércu	don
tubérculos	comola yuca
tuna	name
tuna	paalinar
tuna	paalinare
tuna	san lanar
tunnu	tukkwa asc vrb
tura	tutikckn cls suf
tuu	kakkrasig
tuugat	nom
tuugkeere	ranita
tuugwa	mirar
tuugwa	ver
tyco	sicum
tyrunns	arches venezuelensis
tyrunns	myiarchus fer
tán	nar agua no
tán	prést sem timbo
tán	tijera
tíi	nom
típi	bledo blanco
ubre	dioses
ubre	padres
uca	cambiarla
uca	sac convertir
ugguwiga	calderos
ugguwikri	ni vrb
ukapaka	ukkwabr adv vrb
ukka	sin dientes
ukkrakikkrasagra	in nom estarc cejas
ukkwa	hachar
una	ad cantidad originalmente mayor
una	codorniz
una	estando atención weenoo
una	kkaowaya
unguis	bejuco uñita
unguis	canasto
ungus	cati
unra	hupa
uste	sur
uti	idas como zemilla
uttu	zarigúeya didelphis
uttu	zorro chucho
uuga	banco
uuga	polvorin
uukasu	banco
uukasu	banquito
uukasu	cé kaakri
uukasu	kaakrimata
uukasu	olivo
uukasu	uatakri
uukasu	uti
uukasu	uukri
uuliy	golero
uurader	cé
uurader	disgustarse
uurader	molestarse
uuta	uuye vrb
uutu	loma
uuyamakra	auyama
val	hay que
val	turas tr
varias	campas tmootc mote
varic	berr gallineta
varón	liga
vegeta	kaaw ción arbustiva
vegetal	citi clasificador
vegetal	ka dasificador
vegetal	tura clasificador
veinte	pie
veme	sis
ven	terminar untrabajo
venado	lochutikkwi mazama
vene	ado
vene	copey
vene	mente
vento	oo amarrar
ver	pasaba iendo
verbos	elaborar emb
verbos	nine
verdo	reve chupaflor
verti	objetos
vetcad	mana
veñgs	planta mapaná
visto	nom
visto	pavo
visto	yakeka
vokaa	hartarse
vre	disn frutos
véase	oso caballo
vérte	mbares
waa	angustia
waa	cha taara
waa	cé
waa	estar
waa	haariwaa
waa	imp nc ser
waa	impar
waa	mar melkwi
waa	niani lguana iguana
waa	objetos esféricos mu
waa	objetos redondos
waa	otro
waa	redondos
waa	tiecm waana
waa	waacha brakaa
waa	waga waati
waa	zozobra
waakra	guacamaya
waakw	bo throps asper
waakw	colirio
waakw	lagañas rakikkra im
waakw	mapaná
waakw	nc ojo
waakw	peeye eya
waakw	pof figara ss
waakw	waakwa sonti
waakw	waakwa soomtoro
waakw	yeepe eya
waamajna	cé
waamajna	num waans dos
waamajna	objetos re no dondos
waanch	nom
waanias	num nom
waari	des ciac
waarig	paletilla
waasu	tía
waawa	mamífero ivoro cerdocyon thous
waawa	no vrb
waawa	zorra
waawagowi	escapar
waawagowi	fegarse
waawagowi	jooyalisadapar trs escchar
waawagowi	vislmbrar
waawagowi	volverse visible
waawagowi	wiika
waawe	mgowi
waawe	wii
waawe	wiika
wagga	acorta distancia
wagga	rey golero
waggabri	rey golero
wainoc	acci
wainoc	acu
wainoc	pal dez ge
wajgobri	wakkrita vrb
wakkani	ceiba blanca
wakkani	libélula
wakkomata	vrb
wassa	in wakkokwa
wati	recto
waugowi	weekaa vrb
weckegs	vrb
wee	code wee
wee	grutia
wee	verano
wee	waya
wee	weenok kowe wekwe
weeme	vrb
weenoo	ad vrb
weenta	amañarse
weenta	nt sem hallarse
weenta	vrb
weentakaa	bals vrb
weentakaari	indio
wet	hombre solo
wet	joaco negro
wet	plateado
wigpilu	wigtila
wigpilu	wigtiru
wii	ada
wii	calor
wii	cuñado
wii	fl vrb
wii	haya owi
wii	no
wii	sila
wii	sorra
wii	wiisimagka
wiicha	culebra
wiicha	lc ya owi jii
wiicha	wiichayaowi
wiicha	yaowi
wiicha	yxo
wiijma	sol nompl ref yu
wiijma	wigkilu
wiijma	wigpila
wiijma	wigtiru
wiiya	augura simple
wiiya	insipido
wiiya	sin sabor
wiiyabri	lloradero
wiiyagowi	imitar
wiiyagowi	remedar
wiiyamoowi	presentir
wijassa	ap saber
wijassa	tener conocimientos
wilao	noa wiima no nom
winoo	li eniz
wipa	mazan vrbtrs sila
wipa	sobar
wist	pl npolo
wit	ta
wiyentu	nom
wraa	cé
wraa	impar
wraa	otro
wwauwa	weugowi
wwauwa	wiikril gowi
wwauwa	wiiwika
yaa	bollomojoso
yaa	guiácharo
yaa	ikwarieira barbara
yaa	maluco
yaa	mana mekaariwaa
yaa	mowa
yaa	nookwi
yaa	remunnaa
yaa	tuu
yaa	yaatikwari
yaame	maluco
yaan	ducño
yaan	padre
yaarituwi	vrb
yaasappi	wari jmpli ácharo
yaati	palom kewari
yaau	yawekkwi
yag	nar plantapooroniya
yagka	keera
yaj	liter padre ment menor
yaj	tener
yaj	yake haber
yajsikwe	cé
yajsikwe	noa residir
yajsikwe	vivir
yannakakwa	herm vrb
yanwa	estar alerta
yanwa	prestar atención
yauti	mejor
yauti	más bien
yawati	comemos otra vez
yawati	más bien
yawati	ycegkru
ydrochae	nón
yeegz	nom desbandarse
yeegz	vómiti refiriéndose asemillas
yeegz	yeegka seres humanos
yeekra	ducño
yes	hermana
yes	prima
yoj	vrb
yoo	galáp brigowi
yooro	colaborar barba yecyowaya
yooro	envidia
yooro	jukkru
yooro	liga
yooro	nom vrbtrs algo ayudar
yooro	prima
yooro	primo
yooro	waggaya
yoorojukkru	pelota
yuaa	co ningún momento
yuca	delgadas
yuca	nta tizón denyatta
yug	sur wirinta
yuggayane	dem wukkri
yugkwi	ga
yugwi	rinta
yukka	vrb
yukku	code chic mata
yukkumata	yumal vrb
yukkwaya	entrañas
yukkwaya	trisccras
yumm	yukkwa ca vrb
yummn	loc nom nadie
yuu	diitake dokkwi
yuugka	no vrb
yuuka	extraviarse
yuuka	yuyake perderse
zapatc	tacán
zoo	emeditadamente gwerakkati
ácido	acostarse saborkwraarani
árbo	ven les
árbo	weetokranta
árbol	avewipproro myiarchus tuberculifer
árbol	beckra brosimaum alicastrum
árbol	becwanisa
árbol	beza tissakra
árbol	biisakra sterculia apetala
árbol	cadillo
árbol	calabazo debot cuggrawa
árbol	calabazo deikkawa
árbol	camaleón
árbol	canaste camajón
árbol	canoa
árbol	cañamana
árbol	cerbaran semilla
árbol	chaparro kajmaj
árbol	cho
árbol	cocuelo
árbol	daggwra enterolobium
árbol	desnudo ñaabri burserasimaruba
árbol	dukkruwakra annona purpurea
árbol	dukkruwatutikkwi anmnonasqua pelli mosa
árbol	ei
árbol	fruto bot debiisawa
árbol	fruto debeewa
árbol	gaawi
árbol	guasale
árbol	hamaca kraa
árbol	iira
árbol	ittu
árbol	jarikati
árbol	jiira vitex cymosa
árbol	joonti centrolobium paraense
árbol	jootikarawakra elicoccus oliviformis
árbol	kaaramokwarakra licania arborea
árbol	kajbussara caesalpinia ebano
árbol	kajkakkeri
árbol	kajromoroti acacia macracantha
árbol	kajruuruti platymisciam sp
árbol	kalloti wittmackanthus
árbol	konnckra zanthoxylum
árbol	kuunsiwakra hymenaca
árbol	kwaati cavanillesia platanifolia
árbol	kwraarati
árbol	lechuza
árbol	liinta lintatuwa
árbol	maalabo
árbol	maalapu ka pterygota excelsa
árbol	majagua
árbol	majnakuumisa
árbol	manta kooroda liitake
árbol	myiarchus
árbol	pappuwa
árbol	pseudobombax septenatum
árbol	rcc gaggwwwra igkiln
árbol	ri
árbol	sume ojoso
árbol	tiichakra ceiba pentandra
árbol	tiukra melicoccas
árbol	tuggraya pseudobombax man septenatum
árbol	tukkra guazama ulmifolia
árbol	tunnuruwakra lecythis minor
árbol	vr acacia glomerosa
árbol	wanisa
árbol	wigpilo
época	asegurar
época	enamorado
época	nieta
índice	neque
ñaa	sobrina
ñaa	ñaa vrb
ñaabri	másigo
ñaabri	name
ñaakrini	cachito
ñaaya	buche
ñaaya	comida
