cor	goler descuartizar animales corag
pana	congo
ani	descuerar
wiiyabri	lloradero
saaka	objetos atados ocmpacados
orga	siura
domés	rada
anima	objetos yaametuu
caracte	guiar
ahora	ale jaaya
kuu	sakagaabra
sukkwiga	vrb
estar	animales
asenti	miento
ñaakrini	cachito
angustia	año waabrariya
tewera	girando
estar	om sooweda
nuke	blando
planta	arej taautadi capparis verrucosa
árbo	ven les
paaligru	guacharaca
purpa	que waencha dina ire
waari	des ciac
awat	pasmadamente
ore	kraarikra
del	muru isa ita
fogo	andar
itti	ti ittibrajga
lin	mosca
tewera	pron dando vueltas
especie	roote
wraa	impar
reptil	liimuttutu cnemiloma dophorus lemniscatus
insecto	cocuyo
mes	kaktk bollo
sigsinna	durar
lar	tiirin gos
magdalena	diitake sal wakkani
tra	pa dicionales
véase	oso caballo
esp	sueño
noh	koona uita
reci	dosc ale piente
hor	ttiwa wi btrs rciar
aproxima	hter
purpa	uezo
wee	grutia
dista	cerbatana
que	pisco
saagatta	sesos
una	estando atención weenoo
yooro	envidia
dedo	illo
kajbri	rokkrwa
ori	bordón
kun	morar
cho	chiimila
bra	brabrada
reptil	gwaakwipolychrus marmoratus
ugguwiga	calderos
more	caluroso
sooweda	ad deera
lakkra	espinilla
conserva	mental
lanta	ajnikra
jac	mtia sp
anima	plantas
abajo	abajo
árbol	canaste camajón
duut	así pasé mi día
mexi	cana
ara	basura
buul	nc pensamiento tradición
wainoc	acci
kuu	compa
dose	num co uno
lkati	lantaka vrb
litto	contrapietra
árbol	wigpilo
kroori	toosukroorí
pospone	motocicleta
deno	ar carencia
fila	roor final jassasakreya
waa	imp nc ser
suf	corta nompl dente guarumera
gra	radio
pré	hija
tipod	waakwati
waawagowi	volverse visible
pronombres	vos
cumbrera	curiosid arq
gaapu	ovejero
sessero	cigarrillo
diiyo	prést
yoo	galáp brigowi
den	sión
aaga	esconderse
color	ruunta runta
pigueazos	guácharo
kiitroga	pante
taara	gallineta
mano	tear
waamajna	objetos re no dondos
hii	chivato
totear	reventar desde adentro
estar	árboles
kuukara	mah cha
des	mocida
paapelu	papel motru neda
cada	canto
deca	okko na bint ntrar
uca	cambiarla
deu	bautizar
chiicho	chicho
relativamente	lejano
brii	yori
tra	yecto
completi	tud
waawagowi	jooyalisadapar trs escchar
bree	kwa
senti	niento derakkrakaariwa
kakka	nubarrón
kattukwa	deera
rastro	bled mujer
icador	taakwanta
tuna	san lanar
kaa	ron
cole	hter
cobertura	árbolmanta
ser	wiina
lamen	santiago
qua	al drivalvis
scvrpioi	ligkowa
compartir	dividir
segunc	medio
estar	bot firicnd
noh	trs ger algodón
meewi	gatoco vrb
yaj	yake haber
wee	weenok kowe wekwe
menti	padre delos yakkwa ette
dejar	estar jissanckaa
kaarataka	rawa
her	mano
waa	waacha brakaa
del	tío conejo
sunna	rikaariwaa
jaakra	impar
galli	nazo bactris major
looren	uuyamakra
espe	gwragga
yooro	liga
gugga	abastecerse
estar	acción
diiyo	nompr
kuj	rocodylus sp
lar	im gos
grugga	desviarse
haleka	cariño
prés	cor nom dedo índice
llo	breenso brenso
bukkra	joonawa
del	yaaula
kaawa	ookranta
cor	rié tar selva
cul	guerra
deno	incinerar
rre	kochere
wii	cuñado
llo	isa isa
wipa	mazan vrbtrs sila
singu	estoy llorando
estac	sombecro
chuj	monstruo caníbal delas historias
del	tabrakka
buti	yaya
bejuco	cydista lilacina kccgwi cauchera
ukkwa	hachar
pag	plag pajarilla
jegayo	jiikati ahogarse
angus	lwos tia
esp	ensoñación
algo	dibujar
lanta	armmnikra
kassa	qu manta
biiya	cuento
bitta	waagra
kattukwa	sooweda deera
koo	ma bru ennaka
odo	relativa ratissima
mno	blanco
sabor	cttekragga
del	mismo sexo
gaari	grande
sala	enteramente
que	pavo
pooro	niya
bee	dichorittu
wii	calor
kaa	camisa
kenne	gkrete
tra	adv bajo
her	isa isa mosa
nyuukr	bálsamo
naantimal	vrb
planta	espinoso blccu
ajgar	pasársela
jiika	waacha too
pen	arroyo grande
cerámi	cc cos
kanne	iguana
nimal	bitto dittake
esta	yaamenconiwaa
biiya	historia
paala	pigas paalinare
objetos	continentes
ser	pagar
waakw	nc ojo
tran	tintinit
sar	nún felissilvestris catas
grutta	respeto
kkwi	vrb
fami	oso
serpiemte	berrendo
neya	inmediatamente
paapelu	papeles
katti	calabazos
saanikaa	excl vrb
cases	num esta dos
ani	ales
mno	tres pics
planta	pazradakraa musa inata
huma	animales
imper	bonito
num	num cinco
gee	saajino
fuego	priimub reventarse
wakkomata	vrb
did	ardita
hor	btrs rciar
ebano	elev bot
sinextre	planta mapaná
inten	kwekkw cionalmente
gra	tensis
brii	clasificador ma macondo
del	numirintala
madu	vencer
kaj	raasonti
sentakri	divis seññ
rve	chokkrikwa
español	ette
tortuga	groontu
árbo	weetokranta
lado	gwreedesbar seva gr
kreekakkwi	nom
articula	ción
ave	objetos largos gruuta
scvrpioi	biwiti
brakka	gr bra
gruuchakkwi	anciano
asen	miento
uukasu	uatakri
naa	nura naarira
uuga	polvorin
insec	tos
noso	os vivimos
sabor	angosto sazka chograwx
obje	gavilán grande
maiz	lampu
taara	guachiclo
tra	tato
gee	reesa ennaka
koo	koo
yukku	code chic mata
padre	ci lia paapasu gruttarj
aara	yerna
lesvá	brajgawita
tiibr	nom ardit seban
wigpilu	wigtila
animales	quiv
prést	pulga
cerca	hamaca
mesembri	cada
magda	morrocoyo
menos	cercas wi ear
árbol	gaawi
del	kattukwadaggera
denotaque	sobre
tronco	paajni
nene	conjunción coordinativa
vetcad	mana
bree	refiriéndose seres humanos
breekriga	vrb
pronombres	gatizos
yuca	nta tizón denyatta
menos	krecro krero
uttu	zorro chucho
guien	difunto
demacrado	lakatika
cari	batará
refirién	flexibles wiimari
cla	junco
dor	músculo gemelo na
cervi	mazama
puda	pestilentc
estar	achiote
caja	nea
val	hay que
ruj	detabacojonnawa
planta	cimarrón nyoodakra capsicum baccatum
árbol	rcc gaggwwwra igkiln
abru	zoc genta
másomenos	loba
pri	mate alouatta seniculus
rilpiés	minno
árbol	joonti centrolobium paraense
sentir	afrecho
sonnt	irritado
chachi	chi zoo bot
laakwi	murciégalo
famili	dueños
olor	muyag
dendro	cida
angus	desasosiego
refi	objetos largos
appet	dea devolver
bot	st árbolñaakrini
cami	objetos largos naajgriga
pue	monteador
plan	ga tas kraggwika
los	vg biladuggra cóccix
his	luna
uukasu	olivo
aara	cintur kassakwa
árbol	ittu
cangrejo	canilla
llu	julio
hicador	sin vellosidades
des	casacaminata zoo yuniriya
del	bittalorakccra
brii	macizo
convisos	kanne kanne
teekri	jagúey
puda	nauscabundo
los	sombra no humana
saajino	saíno
oracio	ol nes
deman	esfuerzo
ave	nyctidromus al
maiz	ladu
mueble	jaz
exten	pararse
taakwsa	jagúey
dejar	moo
lengua	habla
planta	cañandonga
constela	iones
resya	sem derribar
kaa	praata
pitro	repasar
sentir	jissakaa
kacabr	solicitar it
ave	toontato
joog	mico
ruku	restregar
verbos	nine
kogh	loro
árbol	kajromoroti acacia macracantha
tradi	ionales
ser	kwi clasificador
paala	paalinar
yaa	ikwarieira barbara
figura	bija
atti	gowi
kaj	bri
kranne	sin ramas
osobriri	chupado
per	arriba
hor	ll ca btrs ejar
ave	paaligru ortalis garrala
grabadora	jiilariu
ladodel	jartiniki
decan	timplora
cal	eros
cobertura	cuero mesa cabelludo
kaj	raasog
par	rawa
num	plantas
yooro	nom vrbtrs algo ayudar
biiyan	dewe
mamí	ro desdentado dasypas novemcinctus
lanta	yaasi kenneriya momordica charantia
pronombres	negativos
ave	guardacaminos
wiicha	lc ya owi jii
yanwa	estar alerta
kan	awx
ewa	prést
biilu	mico
clasifica	pequeño
pez	kceru
kuu	compadre
myi	saare tubercal cls
maana	ad vrb
bukkra	raasonti
biiyan	tigrillo puma yagouaroundi
bot	blanca wakkcro hura crepitans
aaga	guarecerse
estar	naakati
llo	tuugwa rugwa
robin	zorro chucho
uurader	molestarse
sobresaliente	igura dooro
aye	bejuquillo
mamí	lakkrakoro chorida
confund	concha
asen	timiento
bot	ca maasicha
paatu	guinco
mesembri	phimosus infuscatus
pro	guurt
sakkwi	apisonar
humi	kicwi pr abrillas
icador	tabla dera
kajkwari	penca
wist	pl npolo
kakke	me gustaría
prera	que
wwauwa	wiiwika
wiiya	augura simple
fabricar	yaggriri
pad	cas peces
ajniko	cautela
ver	pasaba iendo
per	bes noctar
canti	bre dad
calabazo	bonga majagua
aani	bueno
fles	contestar
nowera	imp pron acontecer
tán	prést sem timbo
los	carretico aspidosperma polyneuron
giip	alacrán
taautad	miserable
jaakra	kratoro nom occipucio
especiede	wiinti
pronombres	no duermo bien
los	barbulito fa blanco
saa	adv tana fuerte
tem	agotarse
mar	pialis
ave	cabello kwiikra
ata	juugku
desfalle	cimiento
pronombres	mana bejsaara
yannakakwa	herm vrb
exten	rtado
desa	significar
kissu	ookranta
pez	anímica kossoriya
adver	ni bikki
deno	maíz verde
kajsantasantari	vara santa
demacrado	lakati
traba	uiv
scvrpioi	maaku
jiika	transmisor
plu	temple illa
waanch	nom
bar	badense
uukasu	cé kaakri
jiika	apl st radio
kaa	bint espirar
eegowaya	coclada
multi	bre plicidad
phas	matodea
acné	emel anat ditadan duura
lar	tiranta
jooro	erguido
yuggayane	dem wukkri
árbol	dukkruwakra annona purpurea
tar	azul
super	hija
dose	sommo
ali	mentos
wagga	rey golero
binniki	binnikika kaaga
pad	no nadar
mamife	venado
yauti	mejor
des	desestimular
suf	for yuu dir vrb
parti	cular
matriz	útero
cera	cascabel
ven	terminar untrabajo
gate	bracito
ser	ente mastigodryas pleei
bar	nom
yawati	más bien
waawa	no vrb
kraña	krañagoyc
enumerar	kwakwita
saa	dormilón taarasakka
sentir	jeerikaa
los	kanti
bou	bledo
wwauwa	weugowi
ser	ku clasificador
wii	sila
ani	ensortijado
ave	bukkachu campylorhynchus
ase	contr deroso
sobre	turales
kunzaka	kuusakagatta
kaj	horqueta dekaj jeenoya
waawa	mamífero ivoro cerdocyon thous
wainoc	acu
maa	garakra mpl municaca
ades	jaine
dij	diente
algo	escribir
anudan	armadillo
wassa	in wakkokwa
agra	ble apariencia
koogra	lom koogramujna
pis	basura acumulada desisti yagka
cuerpo	eirregular liikwecri
domes	cryp tica
dig	cuchillo
maajga	frecuentar
ore	llana
del	iro
clasi	po grande
los	ternura
waawe	mgowi
dura	flor dekajkuusagra
ajmikr	rebuscar
joo	estriado
jatiki	hasta
diiy	aguas grandes
offici	rem
pez	luggali
itti	majagua
planta	takkwa ittiya rawvolfía
aproximada	wakkwi nen inferior
koogra	familia
akkwa	pasársela
tem	acabarse
mooña	nom
broo	brona
sapo	corral
orina	uñita
aproximada	hy kraa chorida
kraa	no perico
planta	batamb barbaco
cucarrón	kcesa kosa
fron	zoo dosa
refi	flexibles
refe	palma africana
altas	sentir calor
wii	fl vrb
clasi	macizo
lii	badense objetos desgarrados
joowariya	baño
árbol	vr acacia glomerosa
ave	cero
fígurars	paletilla
kwaj	macondo
bes	desaparecer
roo	vrb
aadi	bueno
kaa	ser
llama	priimubira
dakka	pus
binniki	cómo amanecimos
kwajgri	kwan vrb
habla	enlengua indígena
aara	koggo wakkani
cuen	an fincas
pretiosa	num taama br dos
bojnika	vrb
grue	chicharrita
caracte	kolla
pre	lojkartod lisaso
maññari	borde prést
una	kkaowaya
bii	krananta
kranne	impar
cal	ceiba roja
las	esdelosárboles
ecena	kokkwa maññari
refirién	plata
kawero	acagúero
kajbri	opporo
cai	makwati
men	naaregowiti
rakkra	hartarse
melanoleu	carracachero
varic	berr gallineta
saaka	estrecho
naakarika	erguirse
bejkaa	bienestar
estar	objetos largos brectakri
har	seres humanos kutteycemekenta
hede	flexibles pigotaka
gaagawi	casarse
índice	neque
waa	objetos esféricos mu
gutteriya	dl morada
paagwa	mocturmaloppo itti
huma	armad dos
interro	stivos
paala	tussakrawakra
waggabri	rey golero
árbol	jiira vitex cymosa
kassa	hoyador
biiya	no cuesta
enamo	ha rar
bii	biikunanta
kajbri	waakwati
tuugkeere	ranita
uuyamakra	auyama
lii	urers
cuerpo	keera cla
ajgata	rebuscar
mad	varón
ave	kaggakwa
ele	veckri
ceram	al bycidae
kazw	bersattuda
fami	espec lia apodidac
kranne	jtro
seppa	pacopaco
see	como ramas delos árboles
mexi	inón
kree	nudillos
uukasu	kaakrimata
pro	kwitwita
guttita	imp
árbol	majnakuumisa
sar	miiansu
perro	krutikkwi
saajino	mana
hori	kroggoti
firiénd	dipputtuda
veinte	pie
cucarrón	gaapu
favor	pedir unyaanookwi
departa	luci puyo delaf martica
laaniki	afuera
interro	relativos
del	wiisawi
laggri	tardarse
ali	que
mil	trabajo
reptil	lobo
kaata	salir
waarig	paletilla
jiya	avergonzarse
des	linwiyera
see	ofrecer
estar	yaka
kajbri	uma
cuerpo	rabia
prést	ad parta olor cobrizo
yaa	mowa
ubre	dioses
refe	nom caney
jatta	kogg dukkra
sentirse	joorikaa
respetar	reverenciar
laggri	demorarse
wijassa	tener conocimientos
kaa	limuttu
progotiwa	vrb
refiriéndose	animales
har	noa jeta
color	bledo
rre	bochere
total	mente
dina	sacudirse
raasog	ratón
des	dicha
diiyo	throps mannar
segunc	centro
kajgwra	paawa russw
num	refiriéndose aextensiones
gutta	gu amanecer
los	plantas
tuna	paalinare
árbol	tiukra melicoccas
cangrejo	cañón
kaawa	seññomonte
ara	nom nom escoba
katti	habitaciones
árbol	camaleón
planta	naakiwa
saale	salir
excremento	ganta clasificador
paguw	pestilente
anima	ahogarse
weentakaari	indio
árbol	beckra brosimaum alicastrum
kwaa	otro
uukasu	uukri
yaa	bollomojoso
kassa	sakkramanta
binniki	cómo estás
icador	ao carreteable
imper	tarur montañoso
fami	bot hiaris
joo	rugoso
waa	redondos
loorensu	lugga nom nom
cacique	pcenarikraa
árbol	calabazo deikkawa
nakasuri	adv raíz
buul	ette butteriya
famil	ripear
bee	kwitta
bot	rujgaka
comu	nales
reptil	jobón
planta	waara rujga
rukke	vrb
kree	tobillos
cases	objetos
purpuras	nba
dejar	mooye
tyrunns	arches venezuelensis
sakakakkra	pabellón auricular
dig	mazamorra
pre	joowagante samana bej moye
repre	gru sentativo
nombre	papose
kakke	miiwiti mesa okowiyude
cón	sl cavo progkri
aproximada	cañandonga
reci	piente
ammata	pron
pronombres	managkre kike
aproximarse	arco kwaana
her	sentari
como	alacranes
mamí	dentado cabassous centralis
tán	tijera
jojl	tigre
rse	tuttudakaa
los	yoorotiirini
fissa	ramada
saa	ojalá que duermas bien
imper	ittikogratawa
reci	tos man animales
kaarataka	kaaratakkewa
yooro	waggaya
árbol	konnckra zanthoxylum
macj	figur
árbol	manta kooroda liitake
bijlad	ni cuánto
noh	coco
jannu	delasc kwane
krejkaa	sentirse respaldado
kanne	bejuco
ukkrakikkrasagra	in nom estarc cejas
buurama	nom buw riñón
kwaa	kwagw kwaateyeemekenta vrb
pronombres	lwara ammarawe taukara inmiti
phas	tie kuurupretto
escu	mia
ruj	kaarakanta
taba	dae
kassa	hu kassa kassa nom
yaa	yaatikwari
icador	rabo
sentimiento	botifo tiibru
wiiya	insipido
lil	burros
gallina	kiironumida meleagris
apa	abrubr riencia
biser	vri estar bien
proovra	yuca
reco	maíz rrido
lfligoti	alacrá desmenuzar
ñaaya	comida
plé	rebuscar
kassa	nu alanca
pedar	jaakwec
ave	aglios at cheraare
partici	ovejo
rela	machetes
sectos	maría palitos
erpiente	jiwectowaya grutta mastiodryas pleri
totun	venezolana
natura	fiera
yaa	tuu
tenerla	mekaa
brii	clasificador
nae	nom waagri español
laje	gusano
sentir	mekaa
ssistencia	gatta clasificador
vene	copey
como	ciempiés
aproxima	tte entre diciembre
hincar	tootuttusu
ejni	ai sangre
bukkra	uttu
kissu	kreepog
gra	objetos
kwee	veranito
siphonap	ittilke tera
ugguwikri	ni vrb
exten	yacer
yukkwaya	entrañas
haleka	peenarisu
kaj	arc braganisa
moo	rekkawa alouatia seniculus
cor	macanear
ani	andar
koogra	otro
tuugwa	ver
wiijma	sol nompl ref yu
ame	icana
ades	jaikemagkre bejtaara
asen	vrbtrs tostar granos
mamife	corzuela
semi	secas
koom	moolakku
brii	imp tcycemekenta
multi	cllos dijeron
espa	iales
yawati	comemos otra vez
anima	objetos macizos kwannakri
domes	ponche
chiiso	chiva
ganta	gen cls suf
planta	naawika acanthocedelgad reus tetragonus
pre	flexibles parda
dedo	kokkwa maapren ññari
des	cansar
sor	vrb
gaagawi	guindar
aantitl	juan garrote
ave	briggera chondrohieex uncinatus
exten	graw dido
jaane	adj encima
cosecha	animal kiirikiiriwa
sestar	unas grande brecbrekwa
waakw	waakwa sonti
indus	rob trial
gotar	jazro
rey	waggabrintalakkra sarcoramphus papa
del	joññokwakra
sompe	cucaracha
huma	antiguos
gra	taaukul badora
pur	urea
wiicha	yaowi
tia	tityw
color	catabre
jou	veranillo
fami	primo
yeekra	ducño
ale	pet
liber	refiri pepo
yaati	palom kewari
estar	oenganchando
appet	navidad
rayado	orlili apga denadas
planta	paaradakraa masa acuminata
awat	aturdidamente
gruu	respeto
gaanage	pelear violentamente
avispa	tábanc waasu koroda
dedo	kokkwa akkagala
uste	sur
geco	pckkrutu sijbrida gonetodes albogularis
rap	nc tados
garganta	garrapatero
uttu	zarigúeya didelphis
paala	puulinare
kattu	sooweda buurari
pecna	jeto mu siigkri pukkru
los	pequeño tamaño
kranne	clasificados
lia	zorro chucho
recipien	calderos
haj	raasog
paala	peer nar
ata	tecriya eleocharis mu
laawi	murciégalo
mayo	peer res
owi	piar
luciér	casarse
ammni	luggalina kra
imesivo	enana
saaka	otro
chaa	qué
uuga	banco
respetar	honrar
abr	abr moowe
bot	sonti
ham	astr bre kikkradarinisa
kro	cacique
refirién	cualidades
des	llo moján
llu	as aproximadamente entre junio
tubércu	don
refi	animales fon grandes
buu	rari
ruto	dukkruwa
conser	cera
bou	polvillo
mayoría	palmas
icador	jiibrekwari
mar	appal cha hoy
kraari	vr nom
her	nano
chiicho	chiquita
kraña	nakkan gowi
yaau	yawekkwi
domés	pato
prop	bijao
ani	caldero males
saa	nooka
yanwa	prestar atención
apro	pisingo
weenoo	ad vrb
los	cucaracha
pez	nyctibius griseus boni bodoque
del	kuwimanta
macabro	ma makradx
her	yere ere
pag	guacharaca
despla	akkwa
est	desenterrar
galli	pavos
kan	tapaculo
estar	naakatika
buurama	siempre
cabalgar	caballete
cue	kaaraare
los	rostro
enamo	seducir
kaa	hoja vegetal
kroo	toosukroori
pez	bay
imie	peón
kaj	crabri
pla	nos
takwaj	sowi
figura	kreex
famni	pato
sep	tenatum
phas	deca
jonta	hueco
waa	impar
sificador	cabezajattakra
com	br pletitud
kree	vf nom an articulación
refirién	objetos
ale	arroyo profundo
goc	kora brinne
ani	objetos macizos jassakatimata
litto	corneta
weenta	nt sem hallarse
kun	residir
ore	kroosu lana
resquebra	li jado
planta	taagkrawakra casar jenus cajan
sonido	bejuquillo
añoj	imp dasa beporar
reptil	kallo
planta	yoorogra gossypium
neya	adv arri enseguida
asegurar	mowii
árbol	guasale
del	esparcir achiote
her	nana
negwa	adv su
made	ciertas frutas
antiguos	ette chorida
wiyentu	nom
ocu	pue
doowe	dem escuchar
cal	cor fragmentarse
bot	horcón
puta	señor
nowe	us burros
mamí	aki
inverte	brados como grillos
phas	isa isa
arti	ión
kaa	circula rakanta
empk	aunq
abeja	africana
pecna	peenarittukra
per	colarse
rilpiés	binno
famili	padres
espe	groonto
menos	wiima wimari
completi	plantas
del	gaggwrakikkra
gaaneriya	morada
waasu	tía
pla	hum nos
kaakri	uti
los	jukkatutikkwi
planta	bruuru wa
clarida	ditis cóncavos briiteyeemekenta
árbol	avewipproro myiarchus tuberculifer
gran	calderos
sentir	krecya krecyakaa
estar	jissanckaa
cau	retar
naajga	acompañando kraachago
men	roosau
domes	simón
distin	diferenciarse
blando	gruuke
kisa	redondos waamujna
desplazarse	yuu
lanta	yummekra lagenaria ta
ave	batata
kreekenta	voluntarioso
stigkr	oso caballo
koogra	tronchar
ere	chinchorro
ave	mare
fabricar	fahar
kattu	decra
hor	prést carnero
ittakra	pecho
tunnu	tukkwa asc vrb
magda	muula
qui	vrb
tradicio	juk nales
nyaaya	buche
ave	ro aramides
kaawa	trupillo
wee	code wee
cola	rar
uurader	disgustarse
pre	rs querer
uukasu	banco
multi	ene plicidad
ciertos	bres
jatta	al final
apo	yado
serpiente	aaratakkewa
jiinaka	salir
lar	tiinti nitti
bree	yac animales grandes
rastro	atardecerse
bun	an bien consumible jaru
crío	ropa waggajiita
ser	wii
col	gado
aprovecha	equi dos
kannatu	ace bru
ratikkw	kogkra
árbol	jootikarawakra elicoccus oliviformis
precisa	nukiwara
squa	al mosa
gruu	takakkwi
riggiloa	vrb
sugganiri	alimento cocido
kisa	vrb
kacabr	pedir
porel	wattiniki hoy
kun	naagri vrbint provenir
durant	oír
segunc	mitad
domes	sut ciert suusu
kwaa	objetos planos
segunda	parte diccionario españ olette
kraa	impar
chiiso	chiso
especie	chicharrón
minane	no regresé rápidamente
koogra	impar
planta	macho moogowakra saawiri
ski	arriba
yaa	guiácharo
yukkwaya	trisccras
los	delgada
reptil	waana
hexa	magd sonus
amatagkre	pron
jachukwa	vrb
gaawina	gwaaga nadar
kraa	clasificador
pers	cls relati
del	yama duusa duusa
waamajna	num waans dos
ribri	burro
ecena	kokkwa sooweda
teeya	tookr tocar maraca
kaa	estar
los	toro
jaakra	sardinita
des	armadillo moján
cior	cambiarla
exten	ad desagradable
bee	añña
koom	moolakka
orina	grillo
vento	oo amarrar
kattu	sooweda decra
jiika	grabadora
galli	gallinas
braa	otro
kattu	dl kwadeera
neta	equiw
sificador	ja upo
icador	maciza
person	conun calabazos
precisa	mente vivía así
bla	tapaculo
objeto	eucalipto
fami	idac
ettesa	puerco
sanos	arder
chiiso	venado
ave	gatopardo
bre	bres
deno	anda hablando
jaakra	plantas
septe	kitt natum
kwere	kokkwa sooweda
pronombres	interrogativos
encogién	armadillo
distin	guirse
gee	cerdo verdadero
sentir	wajkaa
nokentawen	cuándo vuelves
kraggwika	nu vrb
abru	aaugenta
inte	duerme dentro maca
jaa	estante
yuaa	co ningún momento
tubérculos	comola yuca
cau	coquetear
cyclocar	pum ney jukka redonda
prote	upervisar
niñ	et soñar
ter	llorar
kuu	sakagatta
rde	kraa chorida
cier	males
planta	jojligkra sesamum alg indicam
kaa	taauku
espe	todirostrum ni ad riceps
butt	recomendar
árbol	tukkra guazama ulmifolia
estar	ocupa robo
waawe	wii
había	vrbtrs nada
pro	nombres
wet	hombre solo
mente	yuuti
árbol	pappuwa
tomasitc	araña
nau	dera
maño	termitero
koogra	cla sificador
palma	león
rre	ecro
sentir	jecri
fissa	guardacaminos
koom	ruchette
gran	huecos como calabazos
kaa	continentes
acuá	aguja
sonic	burra germinar
menos	kwekkweri
nakasuri	frecuentemente
planta	amarilla lugkre
wiiyagowi	imitar
dakka	infección
antiguos	tiibrimanta
inverte	langostas
jaakra	krateu om calvo
saaka	clasificador
cola	auxiliar
almace	esparcir achiote
mara	maní
tootutt	no alm
lia	currucuchú
maaza	carpinterito
pez	chancado
kajbri	rokkwa
sabor	ennegragga
paapa	soowesu
ajgar	andar
refiriéndose	cucaracho
joogkowellu	lagartija
ajniko	and sigilo
kogkowellu	lagartijas
ani	brakk males
wagga	acorta distancia
grabadora	jiilariyu
dormi	espiga
nowera	ocurrit
pittiennaka	espa nompl vendi chupaflor
sil	junco
rey	waggabrilakkra
past	diversos
uukasu	banquito
wiiya	sin sabor
planta	pecyogkra
rbol	likkragra combretum fruticosum
priimub	nos cacral suelo
sanctae	thecadact ylus rapicauda
los	snovemcincius
ñaa	sobrina
lia	pigurars bukkachu
kan	saajino
árbol	beza tissakra
vene	ado
see	aquí conciuye su historia
acu	paa minata
bran	no sé cómo amaneceré
dendro	danzar
ave	kaggwakwa
nappi	generalmente
ara	auna
nokenta	pooti adv nom
ooyo	riga
planta	acostado bixa os
his	rias tradicionales
imper	nublado
mañña	konne risu
sakagaabra	cera
teekri	aguas profundas
sentirse	man malambo
mul	icidad
bii	kragorí
des	vrb
ittik	llegar
kranne	neteyeemekenta jum nco
kwaa	kwaamujnz
del	mundo humano
pee	rizada
cotia	hear palabra
mico	biiku
indetermi	años
sentakri	coriar nompli sigsinna prést
mayoría	arbustos jaa
icador	ancha
pre	culo
waakw	bo throps asper
pigoress	tortera
ajga	echar
wwauwa	wiikril gowi
dichot	cadena
estar	balanceándose
san	guacamaya bandera
rbol	nyooroti myroxylon balsamum
ammni	uuyamalkra
melano	dryocopus lineatus
kii	papaya
carní	voro conepatus semistriatas
particu	pobrecito
limpiacasas	reptil zoo xim
acuá	yuca
uca	sac convertir
kattu	sooweda deera
apagar	tizones
kaa	taanti nom
waakw	colirio
desgra	maíz
peli	bei groteente laatee
planta	barbaca
ruku	refregar
maaza	guayacán chaparro
anfi	pescado
tra	urabaja
los	kajwaruunisa
cala	tivabl bazos
narra	ciones
teaguku	tabaco
ave	waagko
árbol	jarikati
refi	adassi mpr ést bogotá
refi	oblongos liteyeemekenta
jooro	estar
dis	paral
refi	macizos
gun	yaawak yajgasu gruttari
del	verde akkwabot nisa
tel	animales
des	quiv
anfibio	rhinella marina
árbol	kajbussara caesalpinia ebano
jukkrusa	dedo corazón
maarigowi	morroc vrb
pul	unag monata
comporta	caney
árbol	maalabo
rakka	coordi gowi
lanta	muntimuntirakra
vene	mente
jabón	job
saa	firme
aproximada	degustar
reco	num koo uno
planta	majagua ittu
cior	convertir
kajnoo	romper monte
sicera	palom ria
sen	dejar
mii	sagkwa diitake
pasto	gwrakketu
objetos	redondos
yukkumata	yumal vrb
cuerpo	suumisu furia
scorpioi	des
braateriya	reunión
kraa	orar
linga	guarumera
clasi	kraakweeri
tii	teewitakri
yooro	colaborar barba yecyowaya
jaakra	bocona
waawagowi	fegarse
ave	partir
biiya	taara loc nadie
ydrochae	nón
katto	habitaciones pa
muu	encariñarse
des	especie uurudero
hormiga	diibri
jennika	vrb
bittakra	tres ma
jaratuu	enfadar
noke	taauku hablarburdamente
kajbri	ujbri
des	dentado dasypus novemcinctus
gra	animales
leopar	dus pardalis
paa	pacha
haci	pr kwrcewita
aproximada	bisk abuelo
sudes	ino final
del	krooei
abr	moo
nyuukr	estrella
como	tiigruti mantis
obje	dolor mu wecriya
gran	des felinos al olfatear
limettu	liligowi nom vrb
brii	kweckkwe
oogoniri	oosok ad noa ahumado
maawi	agua cristalizada
hue	comida cos uggutakri
mom	fruto demoorowa
deno	prender fuego nt rarse
babilla	bal zoo bot kajbrikati
kaa	otro
vegetal	citi clasificador
wee	waya
muu	condolerse
ajniko	nos besamos
transpor	morrocoyo
bol	beckara
galo	par sag sag
mor	ticmpo
prést	cocu piu
plátamo	rooro musa
lii	tro
yumm	yukkwa ca vrb
kaa	sentirse
pue	dtr blos
ave	joochochi
reci	sientes taakwateycemekenta
ani	tua males
teekri	explayada
waawa	zorra
orina	tigre thera sen seu
deno	anda diciendo mentiras
sen	tidos
agu	vrb
aara	diitake anat wakkani
tim	jesucristo
plu	voluntad
ubre	padres
mowíi	jobo
sanctae	rartae
kattukwa	keeko daggera
waa	waga waati
hori	recipientes tiñña
baño	barba
reesa	res
estado	makkratuuriwaa
waawe	wiika
reci	objetos largos
eekawi	alimentar
looren	vg sukra
refe	palma amarga
gaira	galandria
sor	trinar
bree	riéx macizos
kajbri	kujbri
anima	les domésticos
braa	impar
wii	wiisimagka
espe	thag asustarse
nuevo	caria taina
kwraa	kwiiwita gu vrb
menos	jonsonaanta manta
koona	pargatera
perpendicular	burn niente norte
poco	mente yokowinte
verti	objetos
armadi	waasu koroda
man	vrb golero
ammarati	na kakkeyurade
menos	maari maarl
kattulrwa	daggera
braa	clasificador
kiiri	animal desgraciado
yajsikwe	vivir
ave	ussuussu
kraas	cacao
yooro	primo
kajbri	sog
ave	gwajbri saarasakka
ferne	lia ves
pol	cascabel
mexi	oso caballo
magda	buurukakkratari
interro	negativos
daj	nariz
kakkewa	apodo
ssificador	rujgaka
junco	juventud bot moción
kissu	suri
lem	sia intege niscatus
paapa	paapasu gruttari
kaakri	wuta
icador	macana
wakkani	libélula
sculo	figar masculinos no
irbol	maatukra inga panamensis
rilpiés	kajmimiro
fissa	huyentona
curcu	veranillo
nau	scabundo
kraj	contrastantes
ralisadapar	rést
más	yawati
unguis	canasto
maaza	aromo
efender	kisatuwi
noh	compadrito
tuugat	nom
biiyan	leopardus wiedii
waawagowi	vislmbrar
nega	tivamente
govazou	pisa
estar	jissancka
bila	mana
maintoorc	caliche
estar	ukka menor maññari
arittukra	bonisa
braa	braate brate vrb
jaachoteru	achotero
particu	pobre
melano	leucos
nina	dem pasad aquel
sanctae	sartae
árbol	kwaati cavanillesia platanifolia
tyco	sicum
cole	sguardo issa oristunna
sufi	chupado
ette	país
sonnt	soññoti enojado
pez	bocona
cinta	no vrb
dee	mazamorra
los	keera
paatu	galandria
prospe	lad
adje	agradable
pros	ridad
jiilariy	noa jiicha
ani	flexible pigawxa
maaj	gatagawi
bee	dichooro
kakka	temporal
árbol	calabazo debot cuggrawa
ificador	brazo
silves	nidoscolus urens
kaa	vrb
mente	gwajgawi
rela	tivamente esféricos
kassa	sontowa
peer	anciano
nowera	prender
clasi	rca grande
ammni	juuyamakra
per	wiiyal sonas
gaabra	pecña
aajgawi	retirar seres malignos mediante
kiti	aceituno
escu	lenta
sapo	coronco zoo convertir
des	bajar cl ánimo
paapas	muñeco
kajgwra	kuarupretto
breekwa	vrb
gwraa	piecito
raara	encrvarse
anima	grandes
servi	recipientes
hace	mee estar colgado balanceándose
gaabra	bonisa pceñu
kaawa	kissuguuri
refi	boa
así	mono
ette	indios
alinterlo	tte im otro
mur	ciélagos
algo	diseñar
weenta	amañarse
yuugka	no vrb
refirién	animales
kree	roun dillas
cala	nomc kweeru
ounol	pausa
estar	mayor guuri
sugganiri	br adj mucha cocido
refiriéndose	matapiojos
waakra	guacamaya
soosokw	suero
hue	dejar
lum	handroanthus billbergis
ookwa	resistir
kweg	no envasar
rve	todirostrum nigriceps pa chupa
cwagowi	pagar
dis	esposa
leopar	leopardus wiedii
embria	borrachera
culi	cubiertos
waugowi	weekaa vrb
árbol	dukkruwatutikkwi anmnonasqua pelli mosa
hilo	plantas
del	jaakratoro
árbol	wanisa
sur	mana
kaakri	uma mata
ave	owciowe
waawagowi	escapar
nimal	poonchi
grabadora	waacha gracias wecsa kwiiri
lanta	bruttukolkra
yajsikwe	noa residir
gun	yaau takkesu
cala	guartinaja
como	grillos
perso	spantar
gaggwawa	ad gatti
tán	nar agua no
rbol	ikkokra acacia glomerosa
duranteel	diggasa
árbol	myiarchus
tim	camino explayado
kwreekwa	ka vrb
num	cinco
pittiennaka	chupaflor
sentimientode	iiprikaariwaa
tootebri	nom
ingerir	tabaco
kaj	dassi
los	conju pokkre
kroori	toosukroori
akkwa	andar
wet	joaco negro
per	asado ib ojni kwaana
percibi	vrb
estar	acorralar
kwere	kokkwa ta
mifero	querer
ribri	cabios
visto	yakeka
kajnoo	tirar
weeme	vrb
ácido	acostarse saborkwraarani
los	ikkadikra
refirién	an máso
árbol	tuggraya pseudobombax man septenatum
tradicio	rales
kisa	dos
aye	tizón
peer	abuelo
yag	nar plantapooroniya
rakkwata	prést
cyclocar	cascabef
los	guayacancito bulnesia arborea
cre	lloro
refirién	animales grandes
keert	sólo hilaba algodón
silves	tre malachra alceifolia
niwai	wentak robar
yaa	mana mekaariwaa
planta	juugku
per	periquito
kuu	matapiojos
paalanakra	ñame
marital	nte
gaau	bocona
yoj	vrb
taautad	desgraciado
cua	tre vrbint tem trabajar
rrenc	presrode tar
aara	carito
pospone	lita
visto	nom
árbol	lechuza
num	dos
koom	rela wa
planta	tecriya eleocharis mupeque tata
alinterlo	bien
jna	carreto
rbol	moorokra spondias
offi	kitya
huma	otros indigenas
pronombres	gusa males
arma	kwiiwita cera cazadora
hnir	han waawaka
ter	quejarse
wilao	noa wiima no nom
moo	ascgurar
deno	discutir
ekuna	moka ekuna piirogoye
teco	mapurito
gregarios	kwi clasificador
cuerpo	ti clasificador
cuerpo	rudeza
sala	eldi completamente
per	plural
gaggwra	raicilla
ara	neac
excel	bruuruwakra phaseolus
ani	desgra mel kwakwagoti
tradi	ales
kan	mit reesaennaka
gee	awaluitu
pronombres	monteador
bejuco	tannikra baukrinia glabra
pospone	concavidad
espa	acá
comprome	terse maritalmente
cuc	halla tropezar
cho	nom rida
gaari	gari goo adj vrb
jun	uuyama
comporta	candeli miento aate
wipa	sobar
tipod	babilla
ave	hypnelus raficollis
briikanakke	estim nisa
kaakri	uupe
jooro	gruposde jo objetos colgados
hnir	wauka
joo	pero
sentir	wee
del	guasale
car	nnensis
este	suegro
menos	krecre augurar krere
prést	nim
vre	disn frutos
waa	tiecm waana
pez	laa
fami	ixodowdca
familia	in psittacidac
habla	ensangrentado
lil	caballete
brikki	detrás
escorpión	loopo
bree	objetos grandes
domesti	coclada
paapa	nomb soowesu gruttari kraari
estar	jcerikaa
sentir	jissa
kreey	covador
ave	árboles covador
mii	das equis witi
bukkra	buukrajooni
sor	ct cantar
rukkwaya	rakra
waakw	waakwa soomtoro
seeya	picotear
yukka	vrb
juumeriya	arroyero
dis	esposo
kraar	liga
los	buññukwi
bujes	carauta
des	arc tino final
kajgwra	patunisa ggwratikiwi
bes	desvanecer
suunsura	ngo
lis	azulosas tretiosciatus
ssificador	thurium crassinerviun
serpiente	mapaná bothrops asper
sonnt	enfadado
kajkuusagra	detierra
dio	ette koroda
preten	amotoso
buurama	cuando quiera
equ	currucuchú
din	corazoncillo
non	cosecha
jaakra	paakraputtu nom calvo
deu	cadillo
perci	ceiba roja
gallina	enano
kaa	tabaco
lijmanta	vrb
akkeya	vrbt inversamente
katti	bitaciones
respetar	equív
situación	bejtuuriwaa
ave	pai pai
kaawa	palo
wii	haya owi
sep	atun
des	liter nuestra madre
del	gaggwratowa
owe	ruku mpli st puerco
hor	caminar imar gukkwa
hacer	waarigowi
des	dasypus novemcinctus
din	raicilla
com	tiva pletitud
peeña	mosca real
jiika	cuántos hijos tienes oral
kaa	sangregado
grí	entidades kuuke humanas
ennaka	nom contrapietra
kaj	casearia sp
kaawuya	cabuya
aara	buurukakkratari
dose	bledo blanco
ani	objetos lejanos
grutta	seriedad
raajga	ra apartar
gun	yaau takke
mamo	lla
grutta	solemnidad
árbol	tiichakra ceiba pentandra
gee	wuda
res	guardo
ruj	gatopardo
eero	gallineta
krejkakwa	respaldar
mad	saco
mchoroto	ardilla
ani	les grandes
kattulrwa	sooweda buurari
gaawa	gaiw vrb
pla	leña nos
ammi	ral que kra
pitro	luci goye masajcar
paloma	guarumo
kii	simple
ocurren	uutakri
sont	muela dij aggra
espe	rtuga kinosternon
maajgata	fecar
gwajgowi	socolar
pronombres	terrogativos
espe	puerco
des	equív
bii	ss kragori
refi	objetos
eekowaya	ponchera
ave	squamma carpintero
reser	soino
varón	liga
sabo	sy salados
árbol	hamaca kraa
kranne	fila
rii	risu
ligkwa	refiri grumoso
naa	rira
planta	blanco sommo
bes	como
halarob	gos
ave	kochere
yaa	maluco
butt	vr aconsejar
com	objetos ung planos
naajgriga	mozo
catutikkwi	iigkri
fruto	castilla waacha dukkruwa
des	weaniani
habitacio	calabazos
gruuchakkwi	adulto
chivato	cha bot zoc
jiyakaa	vrb
jooromaajna	num jo tres
esp	santo
confund	congo
waakw	mapaná
ligkwa	num adj tres
yes	hermana
waa	angustia
grisá	gabriira vilán pequeño
nannaa	ñoo divisar
hor	mangle
lar	oblongos
palma	jukka waacha elacis guineensis
joogko	erguir wella pekktrata
caracte	nulekwa gota btrs ncaminar
pri	alowatta seniculus
objetos	anchos
ave	kajpimpiro
kuukara	riirituu
ter	lamentar
hue	nos cos como huevos
kaj	rakkwata
nega	nada te ocurrirá
kajbri	bei
mente	figar yuuguwi
general	vrb
pla	des
nsukwekkwe	leopardus pardalis leopardus wiedii
anfi	waakayeri
dujt	tamarindo silvestre
ave	pierna barbalito
espe	miiwiti
narracio	imina weewi lun aqu
tuna	paalinar
yaame	maluco
noh	ha nompl plea cocotero
árbol	kalloti wittmackanthus
anat	cuba
rastro	arará macho
jau	vi vrb
cyclocar	carmicera
per	si hubiera habido comida
lili	vrb
ades	jaite aux hay que
dee	manteca
palma	jukka ennaka sabal
owe	cuántos hijos tienes
casi	todos
saaka	kamujna um dos
del	dukkwakikkra
ani	objetos macizos jassakati
personas	kragga plural
moowa	in moore ittiya
maa	papose
cer	ant cano
kej	menos
estar	yanwa
ani	plantas
los	tuutawa
ore	achiotero
refi	uiv
hydrochae	saíno
weenta	vrb
ahu	wigpila
allí	eter
wiiyamoowi	presentir
los	bres cuyos
car	in thaginensis
kraart	vrb
planta	yaanten plantago major
ave	kukkwa chu chordeiles acutipennis
pez	bajagua
maajga	saler
aspecto	dado
bukka	yerno
kwakwi	no vrb
ani	largo
castiga	fresco
kwrii	alebrestarse
otro	objetos tijlaka largos
suf	imp sufij sero lucir
purpuras	si pls iguana
árbol	fruto bot debiisawa
maaj	extingu gatagawi
refirién	imales
kroori	kroorimooyaka
weentakaa	bals vrb
maj	gu nakuusagranisa
see	delgados
sas	moler
yawati	ycegkru
rde	kraa
lar	tes gos
los	baile
waa	cha taara
varias	campas tmootc mote
itti	desierto
kissu	rooro
yug	sur wirinta
pro	lukkta gruttari
grabadora	wecsa kwiiriche
conoc	verano
engendrar	enjaulado
kwajbr	vrb
los	bonguita ceiba pentandra
árbol	liinta lintatuwa
jaa	num
pundungo	tamandúa
kwaa	impar
apro	junio
ecena	kokkwa kwcerini
arc	bric mucho
árbol	cadillo
waa	objetos redondos
árbol	desnudo ñaabri burserasimaruba
aau	abruge antofí
kan	tuuda
jannu	llegaron rápido unos hombres
peññukragga	meleras
glo	zarza blanca
reptil	liimuttu
adje	supuestamente bueno
dujt	echar
juu	loorensukra
erythro	lazo
del	hacha
jaame	venado
liter	compras
niñ	ñar
maaj	maajgawita
aara	diitake kwcerini
doler	obje wec
planta	taagkrawatop nisa
imper	monse monsetewa
refirién	tigre
mno	cha waacha bajmipita
deno	waachate
inferior	wettao
cuer	nudadas
lis	blancas
mari	si posas
maanritii	abejajormis
guurisu	ancianos
humsi	moowe lis
sipho	puguta naptera
kassa	krawa
vegetal	tura clasificador
moota	vrb
objetos	cóncavos
los	tign nom thera mafufo
época	asegurar
ounol	mento rato
teekri	agua reposada
sificador	vía actea
árbol	cerbaran semilla
owesu	vri afec
sar	misa
estante	canastos
kwrecwi	kri
del	siudakra phaseolus vulgaris
bukkra	rakkwata
estar	animales grandes
kroorimoo	osukroori
pecna	riiti pukkr
perci	tolúa
kopiyo	loba
sassada	conjunción consecutiva
refi	aparatos
ukka	sin dientes
cuerpo	pequeño briitoye
palma	allineta
magda	lena aarajakkratari
sangre	consecuentemente
hor	kitari
nae	cha waacha chorida toro
kaj	gee
lar	desmigajar
bejuco	maññakra desmoncus anthos
refi	objetos macizos
ikwa	bejsumunnaa
verdo	reve chupaflor
pospone	asu
sil	esterilla
aaga	ocultarse
paali	ñaabru nom rolera roja
waawagowi	wiika
una	ad cantidad originalmente mayor
apagar	tabacos
gun	risu kraari
lia	but ratón heteromys anomalus
estac	agujeta
des	sutti
oogoniri	cocido al humo
offi	cinarum
mom	enamorado
hoja	vegetal
kenne	yumm keya
koogra	vrb koograte
moxri	vrb
ave	cl joojo
erythro	kochere
aye	verja
cai	uma
prote	sompc zoo cucarachero
ette	región
ape	mana
kajgwra	nom novakra
aproximarse	ukketoo
caracte	ekkeda
uti	idas como zemilla
ase	serenar
apo	kr yado
deno	werituukate
kroori	aya
kwitta	cavar
indí	migkre wi tuwi chee
pré	camino explayado
okkra	querido
tex	plástico
jus	loorensu
jissanekaa	joj vrb
des	desdicha
kuuti	gow
cuen	cultivos
yauti	más bien
cau	provocar
ala	época dediiyowanisa
nsukwekkwe	tigrillo
adver	nadic
biiyan	rdus pardalis
cionar	aparatos
normas	hermana
saa	saggala
gran	cóncavos
per	asar arriera
planta	marrón kuuwiyoorokra
pippidal	golondrina
pre	montaña vieja
plantas	wagga plural
antiguos	ibrinanta
per	va sonas
butte	pelar
aproxima	exc damente entre diciembre
kregkrero	carpinteros
dii	koggo kwekkwe
rampkas	guásimo
jukkrusa	konne dedo medio
rmuni	esk caca genipa americana
cumpli	naja
sanctae	thecadactylus rapicauda
yaa	remunnaa
refirión	bagre
val	turas tr
ares	coral
pre	llantén
iritu	yuuwari
tura	tutikckn cls suf
ñaabri	másigo
ala	soowanisa
más	yauti
fami	licidac
hori	animales
jiika	ón taarakakha
bejaco	kallo koroda gouania polygama
loj	waachikloo
insul	frijol
rawatuttu	mana
raara	enfadarse
hori	waya owi tal sa
tra	ati
dujbranakaa	riwa
planta	ryookra capsicam amara
ave	leptodon cayanensis
jaane	sobre
vegeta	kaaw ción arbustiva
kaakri	uukri
obje	vrb tos grandes
pre	ya me ooyokra bañé
puta	mayor
pee	gallina rizada
unguis	bejuco uñita
expre	san
maa	lapa
gotar	jaarowi
jeen	pegar
per	specialmente europeos
canti	cón dad
des	likicwa garrados
kii	nokenta
nfna	dem nijya ese
see	sense dar
yummn	loc nom nadie
suwt	ruña
des	nuestros
cuerpo	angosto
wiijma	wigtiru
her	oorisu
ani	alargándose
obje	macizos
árbol	kajruuruti platymisciam sp
geni	tales masculinos
dor	lucero
ejme	vr allá
bejkaa	prosperidad
cala	biiyu
huma	peniento indígena
aconsejar	amonestar
luciér	guindar
refi	quiv buwada
singu	isauka guuri
árbol	biisakra sterculia apetala
aara	ari
ennaka	chicharra
kaj	paagwa ittiya
jun	loorensu
extensi	ookiyala
objetos	refiriéndose
taca	nív
vokaa	hartarse
yeegz	vómiti refiriéndose asemillas
jonta	perforado
paatu	guineo
árbol	becwanisa
rey	aabrintalakkra sarcoramplus papa
espa	ciales
culi	calabazos
árbol	iira
mono	aret bot arará
yaj	tener
lar	grillo cebollero
refi	plantas
época	enamorado
cala	calabacito
saaka	impar
yuu	diitake dokkwi
verbos	elaborar emb
sar	mana
sentir	africana
ser	jottokaa
tuna	name
magda	lena
rve	sokkrikwa todiros rum cinereum
prés	nom dedo medio
mico	joo
waa	haariwaa
sonido	aromo
nowera	acaccer
asegurar	atemori
seppa	barbul
hormiga	traquitraqui
juumeriya	ronda
oblon	solera
amta	pr pron
gaagri	objetos
takri	saltar hacia arriba
taba	nidae
dappi	generalmente
telas	num
rea	prunnimata
jus	uuya
akkeya	recíprocamente
maatageri	siempre
aproxima	enero
jatiki	desde
domést	negro
veñgs	planta mapaná
planta	mookara sommo amaus dubius
diferen	tes especies puma yagouaroundi
babilla	bagre
mamí	akkrakoro
este	nea
wiicha	culebra
árbol	fruto debeewa
anfi	colectar pescado
nine	plaga
cariaco	avekrcc bot mibis caye
cómo	relampagucar enla lejanía
ani	males
mami	vrb
alg	waugowi
contar	copey wiiyakago
pue	ciudades
extensi	moció ookiyaalla
lii	impar
cquiv	praata
wiicha	yxo
objetos	vi grandes
ladu	maíz cuba
kwree	vri vrb
cyclocar	jooweju
estar	mokri
yaa	nookwi
árbol	kajkakkeri
hydrochae	mana
tortuga	biikwiti
árbol	kaaramokwarakra licania arborea
yeegz	yeegka seres humanos
zoo	emeditadamente gwerakkati
kraa	tra
dedo	piper ambellatam al jaabreraasekra
dih	muela
ave	romper creer cortejar moo
aproxima	mayo
amma	usted
stri	idae
spi	bollor mosus
vegetal	ka dasificador
majkra	pl magkre batata pron
cami	nan erguidos
árbol	sume ojoso
kattulrwa	kattulwadeera
muu	apiadarse
wee	verano
telefo	solicitar
dose	objetos
cons	chotiws
waakw	lagañas rakikkra im
venado	lochutikkwi mazama
meere	no nos enfermado
winoo	li eniz
lun	guartinaja
gui	ensis
breew	vrb yacer acostado
inten	kwee cionalmente
linga	mowi bot paar guartinaja
ego	maltratar
ñaabri	name
desbordar	desért agua
kaawa	horqueta
indí	sorghu nas
wajgobri	wakkrita vrb
kwitta	éa vrbtrs
blo	mosca real
grabadora	taarakakka
taalrwa	otro
kaj	ssara
departa	kiter martica
refiriéndose	coeedor pioos
pri	simón
kassa	no diente canino
hie	pundungo
cuerpo	largo
lati	cone folio
inverte	casaa racoles
refi	puerco
ave	rukku otus choliba
jooro	pundungo
humanoi	des
bollo	redondo
otro	oblongos
los	palma ble
uuliy	golero
árbol	kwraarati
nappi	avanzara saltos
chaa	cómo
ara	araña
serpiente	carpinterito
jun	tos
jooro	proteyeemekenta num cinco
árbol	daggwra enterolobium
haj	nc bri
jooro	jooromujna num dos
kraas	num no dos
pecu	premeditada
yuuka	extraviarse
figura	caney
refi	stos macizos
yaasappi	wari jmpli ácharo
pasad	dem plead aquellos
brii	pl bol
bebidas	babilla
interro	emb gativos
butt	persuadir
deu	anamú
jaawug	jabón
rutina	pro
jaa	takawa
maa	allá viven tus padres
kwekkweri	grande
kwanna	no vrb
doo	malo
cala	owerisw canast cho
armadi	azúc llo koobru sijbrida
lanta	wecriya ittiya
laaniki	exterior
keert	que
rey	waggabrinta
ades	hay que
sakagatta	cera
segunc	futuro
katto	calabazos
los	seragkwa
sakabri	siigkri
nyuukr	luceros
minniki	chinchilín
estar	tc animales grandes
ave	juuntukcera bula ruficauda
siig	kei panthera onca
tíi	nom
sessero	grillo
sentirse	krecyakaa
curcu	palizadas
loj	daggera
gaari	alto
obs	escampar
saaka	kari dj angosto
hori	adentrar dera
hede	hasta arrancar objetos largos
figur	bellota
los	tobillo
juu	kra
añoj	extenderse
pro	itual kwiila
prés	num espe dos
menos	krokkro krokkro
partir	marcharse
clasi	pequeño
joorodz	ron
uuta	uuye vrb
los	perrito
refirién	impl rést caballo
malifor	pl mara passif
gran	mico
estar	objetos
rela	ente corto
rse	raarakaa
dose	mono
bol	dajrekko
refi	animales
ñaaya	buche
katti	falta completitud
haleka	abuclito
jaa	zarzo
ave	bochere
bejkaa	waa
pré	callejón
kazw	pela pela becsattuda
doochito	diosito
kwiika	tío
wii	ada
mente	myias gwajgo
miisiri	saíno
ave	kwaagkwari
clavícu	redondos wa
aagawi	monteador
waakw	peeye eya
aakenta	estar acompañado
castigo	cenizo
tiiyo	nom
yuuka	yuyake perderse
hrni	troncharse
ave	pooñig
oblon	cé tiimujna
yoorojukkru	pelota
juumeriya	arrogero
ave	garrapatica
ñaa	ñaa vrb
estante	rías
jaakra	cabeza
mom	bin
escorpión	paagwa
perso	espabilarse
asesi	asolar
tradi	cionales
per	animales gaggwamata
gaatu	sobrina
ookwa	tener aguante
picle	guanábana castilla
bol	meckara ampelocera tula
uutu	loma
waa	niani lguana iguana
ades	equív jaike
ades	debemos ar bien
maja	cejas anat cercar ukkrakikkrasagra
hue	balones
akkati	vrb
gruuchakkwi	señor
haj	rakkwata
maíz	carreto
sal	adi augurar
culi	pocillos
moomat	mooka prime vrb
jiina	jiiwa vrb
raaka	vaca
planta	waajau serna reticulata
kwaa	seres
mumirin	esclarec tala
apófisis	chacha
serpiente	jilwectowaya liophis
ammayu	usted
yes	prima
rajbri	dormilón descuidado
anima	tikri
joogkowellu	espada
pronombres	gativos
glo	zarza roja
kisa	jetos anchos
scvrpioi	sagirwa diitake
refirién	obgwaagu jetos
wati	recto
jarta	añat kra
antig	casa completamente cerrada
árbol	kuunsiwakra hymenaca
refirién	rayanta im srillo
lanta	majkra ipoatatas
binniki	chinchilin
chorotto	ardita
waa	estar
exten	sentado
pal	mas
gwrakkebru	chirrio
maa	más
sificador	jaakra
figaraza	kaechuda
kisa	ces
flexi	nompl vrb prést yuca
ave	chicaloa
jiya	sentir pena
erythro	canto
refi	ata jompr rést bogotá
saa	médic takka dico
habla	eagasaleka
pigara	danta
pro	res
katti	habitaciones eq
las	llegar hasta
árbol	canoa
katti	otro
dappi	pr saltar
plan	rática eleocharis mutata
naajga	yeekwilo tiki
pez	jummesu
des	rula
kwanna	waaw gee
katti	objetos
kaawa	kreepog
bas	véanse guras
domésti	acuartelar
kroori	waya
cls	kwa clasif cls alos
refiriéndose	objetos agredi largos naakatimata
cuer	objetos
prés	konnew kokkwa kweerini
ajgata	atajar
planta	semilla
fogo	malambo
yaj	liter padre ment menor
prést	pixju maría palitos
yagka	keera
kii	no hables
mor	beekara gutteekaya
labios	lagaña
praata	guinco
kaa	tomar aliento
completamente	owi
plá	jukket tano musa acuminata
wii	sorra
ave	ojoso
cica	didae
lil	zarso
wiicha	wiichayaowi
tra	dicionales
ave	picar
afcitars	prést
correr	costoso wawa
gru	mosa
wiiyagowi	remedar
asenti	afirmación
estar	kejmeta
pronombres	relativos
anfi	ennaka jiompli bocachico
prigata	vrb
des	mimar
deno	suele vrb robar
pri	mate cebus albifrons cesarae
bot	quito tujgabru
brii	tos grandes cóncavos
carac	suero
lengua	palabra
maaj	tapaculo
ave	lojkattodaggera
des	reposar
cau	chirrío
kaa	num
waanias	num nom
pigueazos	guicharo
geen	tugranisa
yaarituwi	vrb
bukkra	asog
halarob	melón
raara	irritarsc
baarbaka	barbaca
bitta	weagra emnaka
planta	tiiru chakra
culti	kkiitikk vadas
jooro	otro
ave	wikkrasu aicrastur semitorquatus
jeen	así soñó
deno	reñir
sar	muiisi
poly	uijao gama
cié	tiya
los	wipproro
que	mos acá
nosotros	papayo
árbol	pseudobombax septenatum
obje	gavilán
contener	prunnimata
raasog	japan raasont
braa	bra trb
yooro	prima
ammi	loorensukra
espe	wiña
kogg	manilla
purpuras	cens purpurascens
yaan	ducño
árbol	majagua
del	uklra occipucio
geco	zoo tod reptiljoogkowellu pckkrutu
baarbaka	malva
figura	palma
wiijma	wigkilu
lanta	wecriya ittiya morinda royoc
waa	mar melkwi
completamente	conduci jara
hue	significar
bee	biikra
los	juventud
apro	mapa ximadamente entre mayo
tnsecto	palu wakkwa
reci	nte
árbol	cho
estar	objetos macizos
ejk	propio
son	dl tikwari
wijassa	ap saber
tyrunns	myiarchus fer
los	rujgakanta
des	mes
nyuukr	bai aro alegt nyottuwagga
obje	bajagua
parti	wikaagra yowi
apariencia	bejnooniwaa
lil	estante
wainoc	pal dez ge
uukasu	uti
llo	paayani
acostumb	cor luz tunguwaa
deno	aún llegado
aantitl	san pedro
naajmata	naanta na vrb
menos	gaari gari
weckegs	vrb
itti	borrachera
yuca	delgadas
krejkakwa	apoyar
árbol	cañamana
domést	moteno
mamife	mazama
ave	roj aramides cajanea
vérte	mbares
rbol	aantiti coccoloba obovata
del	camajón sterculia apetala
del	rio
tuugwa	mirar
sigsinna	rootc
cour	baril
bii	ukk tikkwi
paapa	paapasito lido
gee	miitu
juu	uuyamakra rbita maxima
piuju	pavo
sor	dela presa
siipurt	uñita
kaakri	uumata
sij	ga bei coragyps atratus
gata	sobrino
gaala	mofar
paala	ñame
consistencia	oda
kroori	kroorimooya
taag	que
diente	dijukka
kaa	impar
yeegz	nom desbandarse
kwaariyoriri	cuerpo plano
del	cañaguate
biiya	nom narración
clasi	és ficar
hori	huecos pronti
pooro	yannaka
wiijma	wigpila
avispa	eléc bocachico
sar	miisi
ciertos	pe mino
los	intestinos
culi	dos como ollas
kaa	clasificador
maa	ñaawikra
los	tajdikra
kokke	despacio
meere	minagkreyane weekagaya
planta	waara
taakwa	clasificados
estar	dokka
animal	sunari
tarar	hach kkegowiti
del	parentesco
past	varios
jabón	gooya
gite	españoles
deu	iv waaseewi fotografiar
wraa	otro
alimento	sugganiri
normas	prima
debe	ellos ya nel llegaron
ave	carrao
cquiv	mojarra amarilla
att	ranu
rbol	jecrati gyrocarpus americanas
can	aguas explayas
marsupia	lis
veme	sis
tortuga	biiwiti
dedo	kokkwa
firiénd	ado ini
keera	no ancho
stanle	yanus
def	época laqueza
mes	bolloblanco
paa	yani
cuen	bosques
rajbri	bujío
sagg	animales
ahu	pli gow yu
inte	saaragate kissasa
egowi	odear
kwaa	dom kwaati
waa	otro
magdalena	diitake kweerini
árbol	maalapu ka pterygota excelsa
lugkre	escobilla blanca
ador	leche materna
rastro	bled amar moogowakra saawiri
kraa	adj kran mazorca grande
tuu	kakkrasig
objetos	vri esféricos
saaka	kateyeemekenta num cinco
planta	koobru ittiya capparis
asesi	exterminar
kaa	paapelu
prést	pavo
nyattagra	tizón
kanta	no vrb
maaj	maajgawi
ita	krcemedi
sakabri	tigre
kak	yuca
gouazou	krec bira
taara	españo
ave	juuntu momotus moa
kattukwa	sooweda buurari
pez	botifo
braa	clasificados
perspi	cillata
llu	veranillo
wigpilu	wigtiru
sor	cla presao animosidad
bembra	hígado
kaawa	cigarrón
del	wissa
nimal	wiisatu hydrochoerus hydrochaeris
estar	animales que
gajbr	suegra
tia	ñiu
gran	les
pee	gu logko
tie	rra
planta	cereus hexagonas
gaagri	estar colgado
famni	vidac
sor	perf presa
juu	nunca
prési	nota prést
kisa	continentes kaamujna objetos
per	maluco
aara	bofe
visto	pavo
dee	panela
caldo	camino ruuña
planta	aristolochi ma tagaar contrapatoco
preten	sidón
brikkianna	no vrb
tradi	arhuacos
matta	intg nom cuál congo
serpiente	bollon bobo
katti	impar
okkra	pobre
refirién	cañaguate
gec	waacha chorida
kwee	gusano
quadrival	bot
del	kon dedo anular
haj	raasonti
típi	bledo blanco
melera	peññukragga
pis	lagartija
figura	ardita
gite	guerreros
katti	clasificador
una	codorniz
culti	ce vrbtrs bujm estrujar
def	quinina
cuer	liligowi
grí	num uno
maa	ca remos más maiz
apa	riencia
tewera	rotando
aex	ensiones espaciales braateyeemekenta
aproximada	familia
rajcuwi	rabiar
per	lel plural
particu	querido
jatta	dos ma
casi	dtr num todo
llevar	gattibri
jaakra	otro
cás	éruto
flexible	bujmisa
waa	zozobra
pecu	liar
gaapu	cigarrero
sookito	nom
ave	krogkrero campephilas
waakw	pof figara ss
señño	onte
owi	agrupar
corporal	kwa clasificador
bee	intg dónde
asesi	jaike nar
iglorabribri	nom vástiga
sunari	valiente
mesembri	nibis cayennensis
naaj	acuta mata
dose	principio montari menos
dose	verdolaga
bukkra	kaapato
suwt	soolanu
planta	ammuna
lar	cé tii
estar	objetos mo
árbol	cocuelo
domést	azabache
collin	sit
paato	noi ra mi hee
joog	joogkowellu
meeta	medicina
alir	adj esparcir tabaco escupiéndolo
bii	biikrananta
yugwi	rinta
oosok	caramba
nostal	elancolía
ambiente	saanituuriwaa
ungus	cati
lengua	idioma
ukapaka	ukkwabr adv vrb
ecena	índice kokkwa akkagala
envidi	ref yettatuwi
anfi	bocachico
tetrago	sobrina
ahu	wigkilu
kanne	bejuco tierra
ali	mentos cocidos
personas	kwi plural
jooro	impar
empk	padre
cai	sog
rinart	picar
cala	ciertas frutas
per	padre ette
los	sdel mundo
kwere	estado rini
keera	extenso
mesem	nibiscayennensis
taapa	bagaña
num	tres
ajniko	disimulo
cuerpo	tii clasificador
ave	galápago
zapatc	tacán
embria	mencador
mamí	nón
árbol	tunnuruwakra lecythis minor
bila	saíino
sicera	alimentos
ferne	gerlos
giij	wiyettala
del	véanse guras
refi	iéndose eventos extraordinarios
yaan	padre
flui	foco
ello	tamarindo
owi	paujil
bejuco	bienpa ugwa
yooro	jukkru
tamañt	me vrb
atemorizarse	asustarse
maana	agua que asa
waakw	yeepe eya
taautad	perverso
apagar	extinguir
kun	que
hacerlo	bugre bugregowi
ani	les
deno	akkwa vit rar
linga	guinea moo
los	buuruganta
unra	hupa
del	tío
ahu	wigtila
dih	encía
obj	vrb hilar algodón
mayoría	plantas cultivadas
col	ciertos animales arbóreos
época	nieta
wet	plateado
see	celia
sinextre	mapaná
ani	cosas
mamí	fero desdentado cabassous centralis
wakkani	ceiba blanca
hue	tinajas
osentimientode	waabrakaariwz
másomenos	ervida kiiwo
chiicho	chimila
árbol	chaparro kajmaj
pequeño	no tamaño
bitt	puerco
naakiwa	cardón
itrik	tierra plana
des	armadillo
ecena	kokkwa kwecerini
pati	tubé lla
rikati	canoa
equir	figar criar niños
